bytes	url
39244	https://cdn.prod.website-files.com/6391b8b8063c74b54a9d5e71/6391b8b8063c74001b9d7772_kueche_planen_kuechenheld_hochwertige_arbeitsfla%CC%88chen_rosskopfundpartner01.webp
23665	https://cdn.prod.website-files.com/6391b8b8063c74b54a9d5e71/6391b8b8063c7404129d5f6e_611a27976204c0f8924ca892_2017_bora_prod.jpeg
323488	https://cdn.prod.website-files.com/6391b8b8063c74b54a9d5e71/6391b8b8063c7409259d75b1_Jennys%20Traumk%C3%BCche%2001.webp
225326	https://cdn.prod.website-files.com/6391b8b8063c74b54a9d5e71/6391b8b8063c740b619d75fd_Bora%2005.webp
65775	https://cdn.prod.website-files.com/6391b8b8063c74b54a9d5e71/6391b8b8063c7412069d5e78_next125_NX510-L187M-L292M_NX505-L380_Einschubtuerenschrank_9897418c754c5542fcc27ee1c945034d.jpeg
116366	https://cdn.prod.website-files.com/6391b8b8063c74b54a9d5e71/6391b8b8063c7414739d760d_Milieubild_688_Ardesia_gris_2.webp
422724	https://cdn.prod.website-files.com/6391b8b8063c74b54a9d5e71/6391b8b8063c74154d9d75b3_Jennys%20Traumk%C3%BCche%2011.webp
127584	https://cdn.prod.website-files.com/6391b8b8063c74b54a9d5e71/6391b8b8063c7415d39d75e0_nachhaltige_kueche_planen_mit_kuechenheld04.webp
111108	https://cdn.prod.website-files.com/6391b8b8063c74b54a9d5e71/6391b8b8063c7415f09d6f4f_Blogartikel%20Bilder%20(2).jpg
224167	https://cdn.prod.website-files.com/6391b8b8063c74b54a9d5e71/6391b8b8063c741e319d6d91__L6aTOfXsQRBKmbNEMP8SRe9QX8fPWHR9R28YKiMqH9dNoc6_UELXxPv71nyi-bmFiQSxAahvg6z4LdugbWF75RGLIJ37Es6RvNEU76fXFvgVJPr1tmDNZdTyIt2RguvKz2gAC5A%3Ds0.jpeg
201554	https://cdn.prod.website-files.com/6391b8b8063c74b54a9d5e71/6391b8b8063c7420e99d6f81_Blogartikel%20Bilder%20(14).jpg
215945	https://cdn.prod.website-files.com/6391b8b8063c74b54a9d5e71/6391b8b8063c7426339d6ed7_meteor-schwarzstahl-01.jpg
114270	https://cdn.prod.website-files.com/6391b8b8063c74b54a9d5e71/6391b8b8063c74267f9d6aec_gegensaetze_2_9897418c754c5542fcc27ee1c945034d.jpg
132336	https://cdn.prod.website-files.com/6391b8b8063c74b54a9d5e71/6391b8b8063c742a469d75de_nachhaltige_kueche_planen_mit_kuechenheld00.webp
161552	https://cdn.prod.website-files.com/6391b8b8063c74b54a9d5e71/6391b8b8063c7431e49d75b6_Jennys%20Traumk%C3%BCche%2008.webp
67242	https://cdn.prod.website-files.com/6391b8b8063c74b54a9d5e71/6391b8b8063c7432399d760c_dbrg435_17.webp
100240	https://cdn.prod.website-files.com/6391b8b8063c74b54a9d5e71/6391b8b8063c74332b9d760e_av2045-marmor-dunkel-av4030-polarweiss-02.webp
180294	https://cdn.prod.website-files.com/6391b8b8063c74b54a9d5e71/6391b8b8063c74345d9d75fa_Next%20125%203.webp
153820	https://cdn.prod.website-files.com/6391b8b8063c74b54a9d5e71/6391b8b8063c7436739d75c0_K%C3%BCchenstile%2004.webp
74956	https://cdn.prod.website-files.com/6391b8b8063c74b54a9d5e71/6391b8b8063c743ce19d74b9_kuechenheld_design_arbeitsplatten%20in%20Stein00.jpg
149452	https://cdn.prod.website-files.com/6391b8b8063c74b54a9d5e71/6391b8b8063c743d009d7636_kuechenheld_ratgeber_nachhaltiger%20Ku%CC%88chenkauf%20klimaneutrale%20Ku%CC%88che%20planen.webp
70492	https://cdn.prod.website-files.com/6391b8b8063c74b54a9d5e71/6391b8b8063c743dc29d760b_av2030-gl-weiss-hochglanz-lack-01.webp
57676	https://cdn.prod.website-files.com/6391b8b8063c74b54a9d5e71/6391b8b8063c743dc49d7770_kueche_planen_kuechenheld_hochwertige_arbeitsfla%CC%88chen_rosskopfundpartner04.webp
186284	https://cdn.prod.website-files.com/6391b8b8063c74b54a9d5e71/6391b8b8063c74441c9d75b5_Jennys%20Traumk%C3%BCche%2009.webp
212147	https://cdn.prod.website-files.com/6391b8b8063c74b54a9d5e71/6391b8b8063c7444569d6f59_Blogartikel%20Bilder%20(3).jpg
69292	https://cdn.prod.website-files.com/6391b8b8063c74b54a9d5e71/6391b8b8063c7444599d7773_kueche_planen_kuechenheld_hochwertige_arbeitsfla%CC%88chen_rosskopfundpartner05.webp
143174	https://cdn.prod.website-files.com/6391b8b8063c74b54a9d5e71/6391b8b8063c7444809d75c2_K%C3%BCchenstile%2006.webp
118439	https://cdn.prod.website-files.com/6391b8b8063c74b54a9d5e71/6391b8b8063c7445e89d5ea8_next125_NX950-C2765_NX912-G187_Nische_9897418c754c5542fcc27ee1c945034d.jpeg
67816	https://cdn.prod.website-files.com/6391b8b8063c74b54a9d5e71/6391b8b8063c7446ac9d6d60_NwXWb_vYMlHPgSiTGQk5bp82S8-3hVBAwFEIAVpKlc9ToTF7b-Wqzpdj4LN3ctcXP21uABd0BCaeqZ3saMQD3upz0W2QBZxOTl8AE3Aoe4kpP8FxpEtQgb9MXS1lRXMXMNdrrCBL%3Ds0.jpeg
256366	https://cdn.prod.website-files.com/6391b8b8063c74b54a9d5e71/6391b8b8063c7448349d75b4_Jennys%20Traumk%C3%BCche%2010.webp
160084	https://cdn.prod.website-files.com/6391b8b8063c74b54a9d5e71/6391b8b8063c7459269d7635_kuechenheld_ratgeber_nachhaltiger%20Ku%CC%88chenkauf%20klimaneutrale%20Ku%CC%88che%20planen02.webp
105811	https://cdn.prod.website-files.com/6391b8b8063c74b54a9d5e71/6391b8b8063c745aca9d6ad7_611b7b3663cd1c2d72855ac6_gegensaetze_1_98.jpg
28452	https://cdn.prod.website-files.com/6391b8b8063c74b54a9d5e71/6391b8b8063c745da49d7637_kuechenheld_ratgeber_nachhaltiger%20Ku%CC%88chenkauf%20klimaneutrale%20Ku%CC%88che%20planen05.webp
63768	https://cdn.prod.website-files.com/6391b8b8063c74b54a9d5e71/6391b8b8063c745fdd9d7771_kueche_planen_kuechenheld_hochwertige_arbeitsfla%CC%88chen_rosskopfundpartner03.webp
234220	https://cdn.prod.website-files.com/6391b8b8063c74b54a9d5e71/6391b8b8063c7460dd9d6d67_dzo4gLBV1xxYDoAxvI2IcfDVVHTmd4WtRDiepvGh3RlhDj1a2_XWpEZrcuZgTuJ2FdP_-LdRTgZvBHPPEgipp-NcHFgkNileFVwUM0-jwX-QoFfM1DxBsAgIc9ZDPoCLRcywztzH%3Ds0.jpeg
86735	https://cdn.prod.website-files.com/6391b8b8063c74b54a9d5e71/6391b8b8063c7461809d7640_kuechenheld_design_arbeitsplatten%20in%20Stein04.jpg
91344	https://cdn.prod.website-files.com/6391b8b8063c74b54a9d5e71/6391b8b8063c74636f9d75df_nachhaltige_kueche_planen_mit_kuechenheld03.webp
103866	https://cdn.prod.website-files.com/6391b8b8063c74b54a9d5e71/6391b8b8063c7467b59d75dd_planen_mit_kuechenheld01.webp
2495486	https://cdn.prod.website-files.com/6391b8b8063c74b54a9d5e71/6391b8b8063c746aad9d6f89_Blogartikel%20Bilder%20(2).png
175007	https://cdn.prod.website-files.com/6391b8b8063c74b54a9d5e71/6391b8b8063c746d7e9d74b7_SIE-L442M_HA_2021.jpg
164292	https://cdn.prod.website-files.com/6391b8b8063c74b54a9d5e71/6391b8b8063c7474469d75c1_K%C3%BCchenstile%2005.webp
235595	https://cdn.prod.website-files.com/6391b8b8063c74b54a9d5e71/6391b8b8063c7478019d749f_SIE-L552M_HA_2021.jpg
157129	https://cdn.prod.website-files.com/6391b8b8063c74b54a9d5e71/6391b8b8063c7479e49d6d6a_QJUAg28KldV2TjMPeJwpnO941pm0FPv9Ml8i1nMLtRxy5wd986rp8yZfCqG3QE730i3DQkz548bMgnydnUW_C4S6Ke-OUSM6v8PoCF-pUtBliX75bluTvrJbzpYe3U5PQ1_Szfrw%3Ds0.jpeg
363552	https://cdn.prod.website-files.com/6391b8b8063c74b54a9d5e71/6391b8b8063c747fe19d6d5d_1jiJXX2uzP2C2I36T5pIR2bfELa48x69ee1sRd1Eg1ih2nifXKL6lHnUobzwJSO5fHzRzGfFI-hmRtBG3yfFrxLHUqgM85d3EKNIvj65APbZfQN8IU96P0snRpZeiSyi02NkaBqh%3Ds0.jpeg
210991	https://cdn.prod.website-files.com/6391b8b8063c74b54a9d5e71/6391b8b8063c7481bc9d6f8c_Blogartikel%20Bilder%20(15).jpg
216317	https://cdn.prod.website-files.com/6391b8b8063c74b54a9d5e71/6391b8b8063c7482b69d74a2_next125_NX510-L187M-L292M_NX505-L380_HA.jpg
80221	https://cdn.prod.website-files.com/6391b8b8063c74b54a9d5e71/6391b8b8063c7484ae9d6e9b_Design%20ohne%20Titel%20(3).jpg
266568	https://cdn.prod.website-files.com/6391b8b8063c74b54a9d5e71/6391b8b8063c74909e9d749d_LIM-K855_HA_2021.jpg
127792	https://cdn.prod.website-files.com/6391b8b8063c74b54a9d5e71/6391b8b8063c7491469d6d8d_e88RTowMErZS8eITg8RMEYBrGQJnsB9jMq54b559zg6s1dFcXW-AAu5YIeEoG0tsT1JVLGVaMe7iARhLHv3vB-G28Gh7mchU1eDVwDNgOYX9nMaztPiKvwz3jKh_OpUN0FRYUgPv%3Ds0.jpeg
29508	https://cdn.prod.website-files.com/6391b8b8063c74b54a9d5e71/6391b8b8063c74975a9d6d92_FW7urSUobCql9o40yytbn1Ok7PJDS3SvCcPmsd01nS5A9ZUw68y5vjxwdoCPyCFYLVtg-9NG5e6bXKtBxVHzafpLiVEdmt_nxACgJXNp5tIyfFBLyxyRS8h1hGPfWKA302-2MItT%3Ds0.jpeg
77774	https://cdn.prod.website-files.com/6391b8b8063c74b54a9d5e71/6391b8b8063c74981e9d75b7_Langlebiges%20Keramik%2002.webp
166886	https://cdn.prod.website-files.com/6391b8b8063c74b54a9d5e71/6391b8b8063c74a6f39d5e79_next125_NX902-G092_F734_HA_9897418c754c5542fcc27ee1c945034d.jpeg
72003	https://cdn.prod.website-files.com/6391b8b8063c74b54a9d5e71/6391b8b8063c74cb239d74ba_kuechenheld_design_arbeitsplatten%20in%20Stein01.jpg
101744	https://cdn.prod.website-files.com/6391b8b8063c74b54a9d5e71/6391b8b8063c74d5e69d6ad4_gegensaetze_3_9897418c754c5542fcc27ee1c945034d.jpg
155523	https://cdn.prod.website-files.com/6391b8b8063c74b54a9d5e71/6391b8b8063c74d7449d724f_1097-alteiche-sand-6000-samtblau-05.jpg
83624	https://cdn.prod.website-files.com/6391b8b8063c74b54a9d5e71/6391b8b8063c74edc29d776f_kueche_planen_kuechenheld_hochwertige_arbeitsfla%CC%88chen_rosskopfundpartner02.webp
171847	https://cdn.prod.website-files.com/6391b8b8063c74b54a9d5e71/6391b8b8063c74ee2d9d6d4e_n8g7ioXbcDmofG5m1Xc5NnHOpqEFkzS3hzRVnGb8rAifyYL-3SIIX7mrF18I1E9JN5RJOqoj_g9cwQvuJpWbVcspvPzIJ_Ro17w1EcEjYZvIStSUgmQ-kay5BghkEpr-eanMmdnC%3Ds0.jpeg
368656	https://cdn.prod.website-files.com/6391b8b8063c74b54a9d5e71/6391b8b8063c74f0949d7600_Farbenfrohe%20Akzente%202.webp
213061	https://cdn.prod.website-files.com/6391b8b8063c74b54a9d5e71/6391b8b8063c74f0ea9d6d48_Blogpost%20Keramik%20Bilder%20Instagram%20%20(1).jpg
43682	https://cdn.prod.website-files.com/6391b8b8063c74b54a9d5e71/6391b8b8063c74f4309d75fe_Bora%2004.webp
335245	https://cdn.prod.website-files.com/6391b8b8063c74b54a9d5e71/6399ad39141e966cabfbac45_623af6b191634dedea79dffd_kueche_planen_dunkle_kueche_holz01.jpeg
83583	https://cdn.prod.website-files.com/6391b8b8063c74b54a9d5e71/6399ada3b52e156cf4906c7a_623844a0a5ac31934206df6b_kueche_planen_haecker_front_burgund.jpeg
127409	https://cdn.prod.website-files.com/6391b8b8063c74b54a9d5e71/6399aebcd48bd578caf306ba_6114e65157dd9fa3eca820dd_next125_NX870-V492F_NX620-F685_GS-3_9897418c754c5542fcc27ee1c945034d.jpeg
55006	https://cdn.prod.website-files.com/6391b8b8063c74b54a9d5e71/63d3fa7d8cf3695d3a4b0f04_kueche_planen_kuechenheld_l-Kueche_blog04.webp
46942	https://cdn.prod.website-files.com/6391b8b8063c74b54a9d5e71/63d3fa8d0915996098439dd2_kueche_planen_kuechenheld_l-Kueche_blog03.webp
35046	https://cdn.prod.website-files.com/6391b8b8063c74b54a9d5e71/63d3faa881343599f0c7a02d_kueche_planen_kuechenheld_l-Kueche_blog01.webp
173898	https://cdn.prod.website-files.com/6391b8b8063c74b54a9d5e71/63f5f1736eab506f6cfcdc95_dunkle-kueche-mit-holz-kuechenheld-kuecheninsel.webp
84866	https://cdn.prod.website-files.com/6391b8b8063c74b54a9d5e71/63f5f2bb0dfe2534bda4709a_dunkle-kueche-mit-holz-kuechenheld-kuecheninsel08.webp
95210	https://cdn.prod.website-files.com/6391b8b8063c74b54a9d5e71/63f5f2e30cbc52f5b6f2e8de_dunkle-kueche-mit-holz-kuechenheld-kuecheninsel05.webp
160990	https://cdn.prod.website-files.com/6391b8b8063c74b54a9d5e71/63f5f31134ef4c85cd09f79f_dunkle-kueche-mit-holz-kuechenheld-kuecheninsel02.webp
138436	https://cdn.prod.website-files.com/6391b8b8063c74b54a9d5e71/63f5f361d8031fcdb81c6f37_dunkle-kueche-mit-holz-kuechenheld-kuecheninsel03.webp
153870	https://cdn.prod.website-files.com/6391b8b8063c74b54a9d5e71/63f5f3938adcef49b3a89534_dunkle-kueche-mit-holz-kuechenheld-kuecheninsel06.webp
61496	https://cdn.prod.website-files.com/6391b8b8063c74b54a9d5e71/63f5f3f54020c3abb865d405_dunkle-kueche-mit-holz-kuechenheld-kuecheninsel04.webp
45224	https://cdn.prod.website-files.com/6391b8b8063c74b54a9d5e71/643ffc1a73b7d73ab9e8dfc4_musterbox-kuechenheld-materialmuster-kuechenplanung-blog-01.webp
43240	https://cdn.prod.website-files.com/6391b8b8063c74b54a9d5e71/643ffc34ab4c1f55ba5e03ab_musterbox-kuechenheld-materialmuster-kuechenplanung-blog-04.webp
52302	https://cdn.prod.website-files.com/6391b8b8063c74b54a9d5e71/643ffc41445160da1a08c78f_musterbox-kuechenheld-materialmuster-kuechenplanung-blog-02.webp
44704	https://cdn.prod.website-files.com/6391b8b8063c74b54a9d5e71/643ffc64165fa3f876486d80_musterbox-kuechenheld-materialmuster-kuechenplanung-blog-03.webp
103536	https://cdn.prod.website-files.com/6391b8b8063c74b54a9d5e71/6492d51e37722653ce9cbe94_blog-kuechenheld-kuechen-geriffelte-holzfront-01.webp
90746	https://cdn.prod.website-files.com/6391b8b8063c74b54a9d5e71/6492d52829f91fde6fa6bced_blog-kuechenheld-kuechen-geriffelte-holzfront-03.webp
111216	https://cdn.prod.website-files.com/6391b8b8063c74b54a9d5e71/6492d5321d6817c851a87466_blog-kuechenheld-kuechen-geriffelte-holzfront-04.webp
54854	https://cdn.prod.website-files.com/6391b8b8063c74b54a9d5e71/6492d53caf8ad764185a6db6_blog-kuechenheld-kuechen-geriffelte-holzfront-05.webp
79230	https://cdn.prod.website-files.com/6391b8b8063c74b54a9d5e71/6492d54637722653ce9cca85_blog-kuechenheld-kuechen-geriffelte-holzfront-07.webp
129396	https://cdn.prod.website-files.com/6391b8b8063c74b54a9d5e71/6492d54e29f91fde6fa6d3fe_blog-kuechenheld-kuechen-geriffelte-holzfront-06.webp
102352	https://cdn.prod.website-files.com/6391b8b8063c74b54a9d5e71/6492d559ac10704a532ac37c_blog-kuechenheld-kuechen-geriffelte-holzfront-08.webp
117972	https://cdn.prod.website-files.com/6391b8b8063c74b54a9d5e71/64a55a50b7f6f70d511b56b5_blog-kueche-in-cremefarben-04.webp
100590	https://cdn.prod.website-files.com/6391b8b8063c74b54a9d5e71/64a55a59090bb6e0ee21056b_blog-kueche-in-cremefarben-02.webp
99438	https://cdn.prod.website-files.com/6391b8b8063c74b54a9d5e71/64a55a64b7f6f70d511b6183_blog-kueche-in-cremefarben-07.webp
60836	https://cdn.prod.website-files.com/6391b8b8063c74b54a9d5e71/64a55a6d6d1705980f97ad91_blog-kueche-in-cremefarben-06.webp
125830	https://cdn.prod.website-files.com/6391b8b8063c74b54a9d5e71/64a55a756d1705980f97aefc_blog-kueche-in-cremefarben-01.webp
77918	https://cdn.prod.website-files.com/6391b8b8063c74b54a9d5e71/64a55a7ec64a75fa309639e8_blog-kueche-in-cremefarben-03.webp
87832	https://cdn.prod.website-files.com/6391b8b8063c74b54a9d5e71/64a5671b1e329578efd7c7cb_blog-kueche-ohne-haengeschraenke-03.webp
133764	https://cdn.prod.website-files.com/6391b8b8063c74b54a9d5e71/64a56725d29f4412c5d09c83_blog-kueche-ohne-haengeschraenke-06.webp
102450	https://cdn.prod.website-files.com/6391b8b8063c74b54a9d5e71/64a5672e0c7f52e3dc598cb7_blog-kueche-ohne-haengeschraenke-05.webp
97338	https://cdn.prod.website-files.com/6391b8b8063c74b54a9d5e71/64a5673dd5259b2572a722ad_blog-kueche-ohne-haengeschraenke-02.webp
46156	https://cdn.prod.website-files.com/6391b8b8063c74b54a9d5e71/64a567461e329578efd7e189_blog-kueche-ohne-haengeschraenke-01.webp
89074	https://cdn.prod.website-files.com/6391b8b8063c74b54a9d5e71/64c277492ae1f49e399f692c_blog-kueche-in-pastell-01.webp
105584	https://cdn.prod.website-files.com/6391b8b8063c74b54a9d5e71/64c27753e5b2395995f94aad_blog-kueche-in-pastell-02.webp
104160	https://cdn.prod.website-files.com/6391b8b8063c74b54a9d5e71/64c2775cd37b65a9f5035305_blog-kueche-in-pastell-04.webp
41500	https://cdn.prod.website-files.com/6391b8b8063c74b54a9d5e71/64c27764d37b65a9f5037680_blog-kueche-in-pastell-07.webp
121418	https://cdn.prod.website-files.com/6391b8b8063c74b54a9d5e71/64c2776e2ae1f49e399fa46c_blog-kueche-in-pastell-06.webp
55852	https://cdn.prod.website-files.com/6391b8b8063c74b54a9d5e71/64c27d7187241b9672823ba4_blog-hauswirtschaftstraum-planen-03.webp
130338	https://cdn.prod.website-files.com/6391b8b8063c74b54a9d5e71/64c27d782fb48398592a64a5_blog-hauswirtschaftstraum-planen-04.webp
98734	https://cdn.prod.website-files.com/6391b8b8063c74b54a9d5e71/64c27d81ab8b83577b78f1bf_blog-hauswirtschaftstraum-planen-01.webp
94382	https://cdn.prod.website-files.com/6391b8b8063c74b54a9d5e71/64c27d9d1335efde5413d50e_blog-hauswirtschaftstraum-planen-05.webp
82216	https://cdn.prod.website-files.com/6391b8b8063c74b54a9d5e71/64c27da5256b46635cbaabb8_blog-hauswirtschaftstraum-planen-02.webp
139448	https://cdn.prod.website-files.com/6391b8b8063c74b54a9d5e71/64c27db4ab8b83577b793b3e_blog-hauswirtschaftstraum-planen-06.webp
95376	https://cdn.prod.website-files.com/6391b8b8063c74b54a9d5e71/64c90df8ba8ad36897df82d2_blog-kuechenheld-blaue-kuechen-01.webp
22584	https://cdn.prod.website-files.com/6391b8b8063c74b54a9d5e71/64c90e053bb4c950abed0fdf_blog-kuechenheld-blaue-kuechen-03.webp
119562	https://cdn.prod.website-files.com/6391b8b8063c74b54a9d5e71/64c90e11ba8ad36897dfa44d_blog-kuechenheld-blaue-kuechen-05.webp
104214	https://cdn.prod.website-files.com/6391b8b8063c74b54a9d5e71/64c90e2b4e9ec62dedcb543b_blog-kuechenheld-blaue-kuechen-04.webp
56708	https://cdn.prod.website-files.com/6391b8b8063c74b54a9d5e71/64c90e3dc07a1164a59d5eb0_blog-kuechenheld-blaue-kuechen-02.webp
107420	https://cdn.prod.website-files.com/6391b8b8063c74b54a9d5e71/64c91493a54cf639346cad2d_blog-kuechenheld-rote-kueche-07.webp
25630	https://cdn.prod.website-files.com/6391b8b8063c74b54a9d5e71/64c9149f7832d3bdd3164393_blog-kuechenheld-rote-kueche-01.webp
78498	https://cdn.prod.website-files.com/6391b8b8063c74b54a9d5e71/64c914aa613aaeefd1a08ef6_blog-kuechenheld-rote-kueche-03.webp
102962	https://cdn.prod.website-files.com/6391b8b8063c74b54a9d5e71/64c914b8613aaeefd1a09029_blog-kuechenheld-rote-kueche-04.webp
30296	https://cdn.prod.website-files.com/6391b8b8063c74b54a9d5e71/64c914c39a4b74e9852d2098_blog-kuechenheld-rote-kueche-02.webp
200016	https://cdn.prod.website-files.com/6391b8b8063c74b54a9d5e71/64ee0b300d7fc4fd953f475c_Digital%20Smartoom%20Kuechenheld%201.webp
2279338	https://cdn.prod.website-files.com/6391b8b8063c74b54a9d5e71/64ef37f6b54319b2113b20cb_044_Montage_ProfiPlus.webp
471946	https://cdn.prod.website-files.com/6391b8b8063c74b54a9d5e71/64ef403e5f841e5a3fff2e42_AnyConv.com__4004539024748%2090250_21_Structura_405_M_01.webp
134432	https://cdn.prod.website-files.com/6391b8b8063c74b54a9d5e71/64f84faa293cac191b15a03c_8000-gl-graphit-stone-keramik-7000-gl-echtbeton-natur-03.webp
2524894	https://cdn.prod.website-files.com/6391b8b8063c74b54a9d5e71/64f8750223055db42c41928e_2040GL_Feineiche-hell_6000GL-GreigeM1.webp
689324	https://cdn.prod.website-files.com/6391b8b8063c74b54a9d5e71/64f87513c34ef1e794bd6eff_av7030_silver_star_02.webp
3508828	https://cdn.prod.website-files.com/6391b8b8063c74b54a9d5e71/652693ac3e0040a6a1333d6a_Image_01_DSC7402_150dpi.webp
3303992	https://cdn.prod.website-files.com/6391b8b8063c74b54a9d5e71/652695b4f285c3e246534272_K1950_Visual_01_empowering.webp
700536	https://cdn.prod.website-files.com/6391b8b8063c74b54a9d5e71/655c7e518b397abebdf3574e_K1950_Visual_01_empowering_2.webp
45710	https://cdn.prod.website-files.com/6391b8b8063c74b54a9d5e71/655f2649bd224be931abe1d6_Sch_ller-ROC-Beleuchtung.png.webp
570864	https://cdn.prod.website-files.com/6391b8b8063c74b54a9d5e71/655f26691f392896e78dc6fb_4.7_Flex_RVS_greenhouse.jpg.webp
78110	https://cdn.prod.website-files.com/6391b8b8063c74b54a9d5e71/65671765a8aca121a06ea88f_Backen_Bild01.webp
2225000	https://cdn.prod.website-files.com/6391b8b8063c74b54a9d5e71/65671c0e581a6421549d36b3_2020_bora_professional_pkas-pkt-pkfi_marmorblock_rgb.webp
367364	https://cdn.prod.website-files.com/6391b8b8063c74b54a9d5e71/6579cec07c8106c2d28665b0_Dekton-917-Rem.webp
1698	https://cdn.prod.website-files.com/6391b8b8063c74b54a9d5e71/657ad5683de94885bf95094e_Fl%C3%A4chenb%C3%BCndig_K%C3%BCchenheld.webp
2634	https://cdn.prod.website-files.com/6391b8b8063c74b54a9d5e71/657ad58f065c85b3689f0cf3_Rahmenlos_K%C3%BCchenheld.webp
2932	https://cdn.prod.website-files.com/6391b8b8063c74b54a9d5e71/657ad82302a33c99e468e065_Designrahmen_K%C3%BCchenheld.webp
48894	https://cdn.prod.website-files.com/6391b8b8063c74b54a9d5e71/657ad8f9c8b3c211862b8ce1_Siemens_Muldenluefter_Kuechenheld.webp
47770	https://cdn.prod.website-files.com/6391b8b8063c74b54a9d5e71/657ade58f548504610103c5c_20063230_SIE_K1398_CGS_M230_1088x830_2022.webp
452362	https://cdn.prod.website-files.com/6391b8b8063c74b54a9d5e71/6583fe156ec5e62596326cea_Auszug_K%C3%BCchenheld.webp
249954	https://cdn.prod.website-files.com/6391b8b8063c74b54a9d5e71/6594127d4cf5784d1fd4df09_Siemens_Kuechenpaket_Kuechenheld.webp
74424	https://cdn.prod.website-files.com/6391b8b8063c74b54a9d5e71/659432049ab86ae2034bb894_Smart_GL_Steingrau_M_Kehlleiste_beluchtet.webp
194340	https://cdn.prod.website-files.com/6391b8b8063c74b54a9d5e71/6595163127d3ffa25c2410b9_vrbrille_smartroom_kuechenheld_50.webp
40026	https://cdn.prod.website-files.com/6391b8b8063c74b54a9d5e71/65b7b331799bccd7acc03a27_pyrolyse_siemens_kuechenheld.webp
66274	https://cdn.prod.website-files.com/6391b8b8063c74b54a9d5e71/65b7b56533578277bfd97091_pyrolyse_k%C3%BCchenheld_siemens.webp
29004	https://cdn.prod.website-files.com/6391b8b8063c74b54a9d5e71/660be653db00712e140f9c13_AdobeStock_672303075.jpg
43796	https://cdn.prod.website-files.com/6391b8b8063c74b54a9d5e71/660c0e67ca395a126a9e06c4_AdobeStock_386444594.jpg
34990	https://cdn.prod.website-files.com/6391b8b8063c74b54a9d5e71/660c0fe95d90b7ff5c1bfafa_AdobeStock_385606627.jpg
1265276	https://cdn.prod.website-files.com/6391b8b8063c74b54a9d5e71/660d2ec72fc16da3526cb81f_20000205539.lowres.webp
1855742	https://cdn.prod.website-files.com/6391b8b8063c74b54a9d5e71/660d2effbc8a491c6e194ceb_20000202812.lowres.webp
73212	https://cdn.prod.website-files.com/6391b8b8063c74b54a9d5e71/661e85d4597efc4e03786311_fridge-temp.jpg
64446	https://cdn.prod.website-files.com/6391b8b8063c74b54a9d5e71/6627783c46bebad47ac2d08b_office-kitchen-2.webp
68070	https://cdn.prod.website-files.com/6391b8b8063c74b54a9d5e71/6627bc2e757185d4b8d3df4e_parquet-floor.jpg
83293	https://cdn.prod.website-files.com/6391b8b8063c74b54a9d5e71/6627bc965fef71faf164afc8_vinyl-floor.jpg
143591	https://cdn.prod.website-files.com/6391b8b8063c74b54a9d5e71/6627bd7d6126762d1ef7ee7c_linoleum-floor.jpg
42213	https://cdn.prod.website-files.com/6391b8b8063c74b54a9d5e71/6627be27cb7a3c842d74d959_floor-tile.jpg
66225	https://cdn.prod.website-files.com/6391b8b8063c74b54a9d5e71/6627be6704ef690b531799ec_laminate-floor.jpg
57290	https://cdn.prod.website-files.com/6391b8b8063c74b54a9d5e71/6627bf553184937ea0580182_natural-stone-floor.jpg
62904	https://cdn.prod.website-files.com/6391b8b8063c74b54a9d5e71/6627c018dfd4e6fa2cbfc451_carpet-samples.jpg
58367	https://cdn.prod.website-files.com/6391b8b8063c74b54a9d5e71/66300741440868deb4709282_662f7f004b0f922f63d64dc4_20000203138.lowres.jpg
48479	https://cdn.prod.website-files.com/6391b8b8063c74b54a9d5e71/663007ca1d80490c16510603_662f7f2d8868bbfcf92826a6_20000210477.lowres.jpg
41779	https://cdn.prod.website-files.com/6391b8b8063c74b54a9d5e71/66300810b229b225d895ec9e_662248863b86b232fd0e5218_20000198937.lowres.jpg
88157	https://cdn.prod.website-files.com/6391b8b8063c74b54a9d5e71/66300956da28145e78dfccf6_6627806b092ec799558e5394_porzellan-entsorgen-spiegel-finish.jpg
66939	https://cdn.prod.website-files.com/6391b8b8063c74b54a9d5e71/66300a31ab405d92d9486975_662a7d7f903c7ced618e21e0_Sous-Vide-Garen_2_Ku%CC%88chenheld.jpg
247059	https://cdn.prod.website-files.com/6391b8b8063c74b54a9d5e71/6630f2c88c968a50145ae172_hG5OP_wzijqDTxBrN86Z8InOxwMZF0c313g8tuh0bvIHoeWMeqY2Pbm7d3mRz_ArYRu66JXNGGsAmIkDADL3ew7-AqkGFIVIkMoihVzcLkhJ4PM-iap37XiVzKP1dwSJY8pdnbyNJY_uxiVV1DZ1dds.jpeg
287311	https://cdn.prod.website-files.com/6391b8b8063c74b54a9d5e71/6630f5b35ca0abe313a0239e__aeTGK2-qO_Fe0_qWCuS3RIyEXnOa0VlOuociOateoOOF-uXJaKk51eX_n18Ka6Bv4nUumSiqKZc4WxGvbkUs4IPNiTn7syZAgD-vdHZcPGle6VrMo3vVzUKECzuRcMf6TJ-8EdDO0JiyX4RD4CqPoI.jpeg
329012	https://cdn.prod.website-files.com/6391b8b8063c74b54a9d5e71/663b9a31c542bb121d1ea4af_CHOICE_ICONA_SST_stainless_steel_527656_Z07_C_Web-PPT-JPG_150dpi_195335.webp
382406	https://cdn.prod.website-files.com/6391b8b8063c74b54a9d5e71/663b9a66685ace0416fdb759_CHOICE_ICONA_UNIT_APP_DT_527656_02X_C_Web-PPT-JPG-Highres_Logo-Award-Picto_195199.webp
381330	https://cdn.prod.website-files.com/6391b8b8063c74b54a9d5e71/663b9a98c343f2b53f79c9fa_UNIT_CHOICE_ICONA_ETAGON_6-F_527659_C_Web-PPT-JPG-Highres_Logo-Award-Picto_190185.webp
242716	https://cdn.prod.website-files.com/6391b8b8063c74b54a9d5e71/66423c3882d76446d78c76a7_NOV-K095-K275_OS_2021.jpg
46866	https://cdn.prod.website-files.com/6391b8b8063c74b54a9d5e71/6659d782e90e625e92961b63_2735_Porto_Eukalyptus_Comet_Spachtelbeton_schwarz_FK3.webp
420598	https://cdn.prod.website-files.com/6391b8b8063c74b54a9d5e71/665dc5391c84d27527b80d46_av2045-marmor-dunkel-av4030-polarweiss-02.webp
400932	https://cdn.prod.website-files.com/6391b8b8063c74b54a9d5e71/66699f4dae040513e50206e2_next125_nx660-F634_nx960-C2785_GS-2_2022.webp
342464	https://cdn.prod.website-files.com/6391b8b8063c74b54a9d5e71/66699f67aa46fcae8c825593_6084-wildeiche-7070-gl-industriestahl-02.webp
49972	https://cdn.prod.website-files.com/6391b8b8063c74b54a9d5e71/6669a0727dae5e3fbaa020d6_2792_AV2041_Walnuss_dunkel.webp
256234	https://cdn.prod.website-files.com/6391b8b8063c74b54a9d5e71/6669a2749df175fdc2d9df47_av2030-gl-weiss-hgl-02.webp
280580	https://cdn.prod.website-files.com/6391b8b8063c74b54a9d5e71/6671740d85eab355856b7930_AdobeStock_518595127.webp
2067170	https://cdn.prod.website-files.com/6391b8b8063c74b54a9d5e71/6671750763550543cc7c0c9b_AdobeStock_749724835.webp
2368744	https://cdn.prod.website-files.com/6391b8b8063c74b54a9d5e71/6671756ef32ebc36b62ec26c_AdobeStock_756468839.webp
3121285	https://cdn.prod.website-files.com/6391b8b8063c74b54a9d5e71/667bfaf964510b29cf60a3af_AdobeStock_325179332.jpeg
1565028	https://cdn.prod.website-files.com/6391b8b8063c74b54a9d5e71/667bfb1e316301acff5f77f6_AdobeStock_71559369.webp
2698086	https://cdn.prod.website-files.com/6391b8b8063c74b54a9d5e71/668e9abefbd08a51ae1ef5e0_AdobeStock_774437608.webp
417434	https://cdn.prod.website-files.com/6391b8b8063c74b54a9d5e71/66a35ce989a42e8b4f7a336a_66a35c888332d69117b73daf_AdobeStock_700960027_11zon.webp
2337388	https://cdn.prod.website-files.com/6391b8b8063c74b54a9d5e71/66a35ce989a42e8b4f7a336e_66a35bf6ab748434571cffa4_AdobeStock_864544963.webp
1885862	https://cdn.prod.website-files.com/6391b8b8063c74b54a9d5e71/66a35ce989a42e8b4f7a3372_66a35c31c14f96bfe419edb8_AdobeStock_710436651.webp
199901	https://cdn.prod.website-files.com/6391b8b8063c74b54a9d5e71/66b0f6d73832196598fdae6c_1097-alteiche-sand-6000-samtblau-01.jpg
80158	https://cdn.prod.website-files.com/6391b8b8063c74b54a9d5e71/66b11a6fdc192037521fe3cd_6448ec663336f61f93348bbb_kuechentheke-wohnen-mit-stil-blog-bild02.webp
145560	https://cdn.prod.website-files.com/6391b8b8063c74b54a9d5e71/66b11a6fdc192037521fe3d0_6448ec8ada046bb4579889e4_kuechentheke-wohnen-mit-stil-blog-bild05.webp
103108	https://cdn.prod.website-files.com/6391b8b8063c74b54a9d5e71/66b11a6fdc192037521fe3d4_6448ec7f3dc48824d3929d9b_kuechentheke-wohnen-mit-stil-blog-bild04.webp
105032	https://cdn.prod.website-files.com/6391b8b8063c74b54a9d5e71/66b11a6fdc192037521fe3d8_6448ec9688cdaa5df332cd59_kuechentheke-wohnen-mit-stil-blog-bild06.webp
138276	https://cdn.prod.website-files.com/6391b8b8063c74b54a9d5e71/66b11a6fdc192037521fe3dc_6448ec70da046b6b5a9889db_kuechentheke-wohnen-mit-stil-blog-bild03.webp
83816	https://cdn.prod.website-files.com/6391b8b8063c74b54a9d5e71/66b11a899931a4c05f0b3cf6_6391b8b8063c7435b09d75d9_BIE-L310_HA_2021.webp
109480	https://cdn.prod.website-files.com/6391b8b8063c74b54a9d5e71/66b11a899931a4c05f0b3cf9_6391b8b8063c740dab9d75da_mlp239_107.webp
117636	https://cdn.prod.website-files.com/6391b8b8063c74b54a9d5e71/66b11a899931a4c05f0b3cfe_63c00a0fee75d3a35e977fa8_kuechenheld_ukueche_kueche_palen.webp
67894	https://cdn.prod.website-files.com/6391b8b8063c74b54a9d5e71/66b11a899931a4c05f0b3d01_6391b8b8063c7439749d75dc_mbrg198_01.webp
335245	https://cdn.prod.website-files.com/6391b8b8063c74b54a9d5e71/66b11c7083a6a10bd0e49509_6698c4d6e370cea3c01e92fa_ALM-L272M_BIE-L455_Durchgang_HWR_2020.jpeg
474994	https://cdn.prod.website-files.com/6391b8b8063c74b54a9d5e71/66b11c7083a6a10bd0e4950d_6698c5adf6b15ce4fdbb82fe_2019_bora_x-pure_puxu_puxa_goldkueche_rgb_2.jpeg
354199	https://cdn.prod.website-files.com/6391b8b8063c74b54a9d5e71/66b11c7083a6a10bd0e49511_6698c4a852dcb50140434fc4_ALA-K035_SIE-L302M_HA_2021.jpeg
441218	https://cdn.prod.website-files.com/6391b8b8063c74b54a9d5e71/66b479e515a4085fc67b2da0_66b47979e5e77011835220dc_AdobeStock_646277878.webp
1138982	https://cdn.prod.website-files.com/6391b8b8063c74b54a9d5e71/66b479e615a4085fc67b2da9_66b4785ba1c1895de4998291_AdobeStock_363912524-min.webp
2127940	https://cdn.prod.website-files.com/6391b8b8063c74b54a9d5e71/66b479e615a4085fc67b2dc1_66b476b17d4d35ac131b8cfe_AdobeStock_810148397.webp
918078	https://cdn.prod.website-files.com/6391b8b8063c74b54a9d5e71/66b5d1a552a865ec778608d5_66b5d1095f66483291737ca3_AdobeStock_295499026.webp
38994	https://cdn.prod.website-files.com/6391b8b8063c74b54a9d5e71/66c846432f76e1c8e6785b73_66c845ed4d64eb7123f1001b_Silestone%2520Kitchen%2520-%2520Ethereal%2520Dusk.webp
373267	https://cdn.prod.website-files.com/6391b8b8063c74b54a9d5e71/66c846432f76e1c8e6785be1_66c84635b8eb2edb8b627a03_2023_03_27_COS_Silestone%252023%2520Ambiente%2520Concrete%2520Pulse.jpeg
3115960	https://cdn.prod.website-files.com/6391b8b8063c74b54a9d5e71/66c846432f76e1c8e6785c03_66c845b424d94e19d01193bc_AV_6000_Karamell_M4.jpeg
114456	https://cdn.prod.website-files.com/6391b8b8063c74b54a9d5e71/66c8474792de2ddec7dcd33a_6492e973b76626534a0ca4b9_blog-kuechenheld-kueche-mit-dachschraege-03.webp
152638	https://cdn.prod.website-files.com/6391b8b8063c74b54a9d5e71/66c8474792de2ddec7dcd33d_6492e966520c86e965a14740_blog-kuechenheld-kueche-mit-dachschraege-06.webp
107458	https://cdn.prod.website-files.com/6391b8b8063c74b54a9d5e71/66c8474792de2ddec7dcd352_6492e95dc622887e3164c062_blog-kuechenheld-kueche-mit-dachschraege-04.webp
108791	https://cdn.prod.website-files.com/6391b8b8063c74b54a9d5e71/66c84792e272901de0e3b15e_6391b8b8063c74c0e49d6ade_K%25C3%25BCcheninsel-7_9897418c754c5542fcc27ee1c945034d.jpeg
247364	https://cdn.prod.website-files.com/6391b8b8063c74b54a9d5e71/66c84793e272901de0e3b163_6391b8b8063c7495879d7602_K%25C3%25BCcheninsel%252003.webp
251638	https://cdn.prod.website-files.com/6391b8b8063c74b54a9d5e71/66c84793e272901de0e3b168_6391b8b8063c74f9279d7603_K%25C3%25BCcheninsel%252004.webp
289066	https://cdn.prod.website-files.com/6391b8b8063c74b54a9d5e71/66c84793e272901de0e3b18c_6391b8b8063c74244a9d6f5a_av2065-polarweiss-av5082-wildeiche-sherry-geport-furnier-01.jpeg
72532	https://cdn.prod.website-files.com/6391b8b8063c74b54a9d5e71/66c847bb4421d3a4e5f5dc96_6481a701dc76785f61c11bac_blogartikel-skandinavische-kuechen-03.webp
121554	https://cdn.prod.website-files.com/6391b8b8063c74b54a9d5e71/66c847bb4421d3a4e5f5dca6_6481a748bf80033b8443771b_blogartikel-skandinavische-kuechen-06.webp
27315	https://cdn.prod.website-files.com/6391b8b8063c74b54a9d5e71/66c847dd1c93694cb291e5db_66310d03bb8aeecd9530b506_AdobeStock_676819319.jpeg
72205	https://cdn.prod.website-files.com/6391b8b8063c74b54a9d5e71/66c847dd1c93694cb291e5df_66310f0a23195bc6819eb94d_AdobeStock_673030024-(1).jpeg
83829	https://cdn.prod.website-files.com/6391b8b8063c74b54a9d5e71/66c848105543abd10a59872e_66b0f6ec4119cb614d4e526c_66b0f670e2ab9ca2126339d1_2736_Laser_Soft_Schwarz_FK4.jpeg
199901	https://cdn.prod.website-files.com/6391b8b8063c74b54a9d5e71/66c848105543abd10a598731_6391b8b8063c7434169d746f_ejsRdinFq0PQbNseRspsHKm9NK8ApOCKzm5xFSCnnzYdpBPgSq2ReX93GD1yddGPe5Tdf1IUAiMWxZ4wcEWFwDrqS74NVgkf-57PGDO84YEAENcsbKoGfsY9qFaBnZQqEriTf_V1.jpeg
2207397	https://cdn.prod.website-files.com/6391b8b8063c74b54a9d5e71/66c848105543abd10a59873f_66b0f6ec4119cb614d4e52b4_66b0f6a50362079802a4f486_BAR-K047_SGM-A107_HA-1_2023.jpeg
31568	https://cdn.prod.website-files.com/6391b8b8063c74b54a9d5e71/66c848d4ad8dabc2723de1d5_66c848c4115c0a25a8633fb5_AV_%25206082GL_Nussbaum-elegant_AV_%25202135GL_Schwarz_M1_Frontal.webp
30296	https://cdn.prod.website-files.com/6391b8b8063c74b54a9d5e71/66cca465f8100bd79e8f86d6_64c914c39a4b74e9852d2098_blog-kuechenheld-rote-kueche-02.webp
130684	https://cdn.prod.website-files.com/6391b8b8063c74b54a9d5e71/66cca465f8100bd79e8f86dc_64808a23df9361ec652c15ed_blog-trendfarbe-gruen-gestaltung-der-kueche-05.webp
99438	https://cdn.prod.website-files.com/6391b8b8063c74b54a9d5e71/66cca465f8100bd79e8f86df_64a55a64b7f6f70d511b6183_blog-kueche-in-cremefarben-07.webp
138436	https://cdn.prod.website-files.com/6391b8b8063c74b54a9d5e71/66cca465f8100bd79e8f86e2_63f5f361d8031fcdb81c6f37_dunkle-kueche-mit-holz-kuechenheld-kuecheninsel03.webp
1351848	https://cdn.prod.website-files.com/6391b8b8063c74b54a9d5e71/66cdc2c7589e8faab91b4d1c_66cdc05c50724d3b002de955_Milieubild_149_Brass_3.webp
3613022	https://cdn.prod.website-files.com/6391b8b8063c74b54a9d5e71/66cdc2c7589e8faab91b4d1f_66cdc14706d44406e14b6af2_AdobeStock_293423420.webp
398926	https://cdn.prod.website-files.com/6391b8b8063c74b54a9d5e71/66cdc2c7589e8faab91b4d33_66cdc0875ae66f6ee1cdb543_ELB-K023_Model-1.webp
62986	https://cdn.prod.website-files.com/6391b8b8063c74b54a9d5e71/66cdc4da97877d7922d609ba_64ca1624848b4e235dcd6d25_blog-graue-kuechen-02.webp
65600	https://cdn.prod.website-files.com/6391b8b8063c74b54a9d5e71/66cdc4da97877d7922d609bf_64ca162f48bf8c5783959eb9_blog-graue-kuechen-03.webp
63892	https://cdn.prod.website-files.com/6391b8b8063c74b54a9d5e71/66cdc4da97877d7922d609c2_64ca163922e08776b4102451_blog-graue-kuechen-04.webp
83298	https://cdn.prod.website-files.com/6391b8b8063c74b54a9d5e71/66cdc4da97877d7922d609c6_64ca16444aaca95fa3400498_blog-graue-kuechen-05.webp
39479	https://cdn.prod.website-files.com/6391b8b8063c74b54a9d5e71/66cde9b6d6db943c3891e45f_image.jpeg
799742	https://cdn.prod.website-files.com/6391b8b8063c74b54a9d5e71/67067e41c0f2173e7f0cd9ce_670679caec5aad79bc077ed3_AdobeStock_618018324-min.jpeg
13570	https://cdn.prod.website-files.com/6391b8b8063c74b54a9d5e71/670fc35711cd3a772b39a488_670fc303a62bb7e8a4408b23_670fc21bd5af54a18d0bf98e.avif
52510	https://cdn.prod.website-files.com/6391b8b8063c74b54a9d5e71/6718f1e57a3d24d1d2413e0f_6391b8b8063c7425b49d76ca_Kuchenheld-357.webp
56708	https://cdn.prod.website-files.com/6391b8b8063c74b54a9d5e71/671f56552c66d95f94fce1ce_64c90e3dc07a1164a59d5eb0_blog-kuechenheld-blaue-kuechen-02.webp
3613022	https://cdn.prod.website-files.com/6391b8b8063c74b54a9d5e71/671f56562c66d95f94fce29c_6686b0eee6d77fb49b19e83a_AdobeStock_293423420.webp
3059294	https://cdn.prod.website-files.com/6391b8b8063c74b54a9d5e71/671f56562c66d95f94fce2a0_6686b2eaef1fdc32886c9946_AdobeStock_796890861.webp
1280172	https://cdn.prod.website-files.com/6391b8b8063c74b54a9d5e71/671f5663c3bd446d1303b026_66435c72fa3479ae69787bf1_0302_Siemens_HN978GQB1_empowering_0_.webp
1268196	https://cdn.prod.website-files.com/6391b8b8063c74b54a9d5e71/671f5663c3bd446d1303b02b_6644882d15d81b9ab7cc2a9e_AdobeStock_186759386.webp
883568	https://cdn.prod.website-files.com/6391b8b8063c74b54a9d5e71/671f5663c3bd446d1303b02e_6643591b823831c415fea571_AdobeStock_188196004.webp
298948	https://cdn.prod.website-files.com/6391b8b8063c74b54a9d5e71/671f5663c3bd446d1303b032_66435af76602cbb5fe3d8332_FIA-F463_Regal.webp
2983994	https://cdn.prod.website-files.com/6391b8b8063c74b54a9d5e71/67237cbd1b4e596a8f5c372e_66c89024e38e4add8be2cc63_66c89013d7fadd25e53b18b5_AV_2135_Kristallweiss.jpeg
91698	https://cdn.prod.website-files.com/6391b8b8063c74b54a9d5e71/67237d7078deb3b0ae6b6048_659bd4a35f7a4947e75fea26_AV_6023GL_Eiche_elegant_M1.webp
117508	https://cdn.prod.website-files.com/6391b8b8063c74b54a9d5e71/67237d7078deb3b0ae6b604c_659bddeccc30599c6bba1bb9_Schueller_Bari_Kuechenheld.webp
85994	https://cdn.prod.website-files.com/6391b8b8063c74b54a9d5e71/67237d7178deb3b0ae6b6052_6582f539a6c68df276117d71_AV_6023GL_Nussbaum_elegant_M2.webp
268412	https://cdn.prod.website-files.com/6391b8b8063c74b54a9d5e71/67237d7178deb3b0ae6b6056_659be406d9a29fc63ace39e4_6084-gl-raucheiche-7070-industriestahl-04%2520(1).webp
967772	https://cdn.prod.website-files.com/6391b8b8063c74b54a9d5e71/67237d7178deb3b0ae6b605b_659be17653577d22d78badb5_US_Landhaus_Tischgestell.webp
41470	https://cdn.prod.website-files.com/6391b8b8063c74b54a9d5e71/67237dcee3d31fe3ec6f3d83_664748859aa30e2c4df75191_dbrg353_155_01.webp
149832	https://cdn.prod.website-files.com/6391b8b8063c74b54a9d5e71/67237dcee3d31fe3ec6f3d86_664749b368889dfa55e95f14_6084-gl-raucheiche-7070-industriestahl-09.webp
547296	https://cdn.prod.website-files.com/6391b8b8063c74b54a9d5e71/67237dcfe3d31fe3ec6f3de4_664748c0d18f9e4fd54751ac_NPN-L440_Insel_Front-2_2024.webp
275504	https://cdn.prod.website-files.com/6391b8b8063c74b54a9d5e71/67237e041b68ef2399d8a7b6_6718f1e57a3d24d1d2413e0c_6718f180d934f2d4d0176a6a_Granit%252520Spu%2525CC%252588le.webp
26990	https://cdn.prod.website-files.com/6391b8b8063c74b54a9d5e71/6735f549ffdc10bc437ed281_6735f4d4003ff637759cc8e6_6735db6fcda61710a8e25cd0_AdobeStock_984307442.avif
22259	https://cdn.prod.website-files.com/6391b8b8063c74b54a9d5e71/6735f549ffdc10bc437ed284_6735f513d4a7d7ee171c5408_6735db701b32e53cf36d2484_AdobeStock_293298127.avif
24375	https://cdn.prod.website-files.com/6391b8b8063c74b54a9d5e71/6735f549ffdc10bc437ed288_6735f4c047b1cbf5e54b8e82_6735db6ff594a68b27824793_AdobeStock_124216039.avif
16999	https://cdn.prod.website-files.com/6391b8b8063c74b54a9d5e71/6735f5a658a43d3b5ac8dedc_6735f5984dceef72de03a69f_6735f55c0a547f003fef2ec5_MOE-K066_SGM-A127_Insel_Frontverlaengerung_2025.avif
22561	https://cdn.prod.website-files.com/6391b8b8063c74b54a9d5e71/67361f7a8be54dd8f2bba90b_67361f2bf40dfc438be1e225_673603ec4e65d2246ed97a5d_Vegas_Gru%25CC%2588n-metallic_Linea_Walnuss-natur_online_M1.avif
22355	https://cdn.prod.website-files.com/6391b8b8063c74b54a9d5e71/67361f7a8be54dd8f2bba913_67361f47172975fc8ad473be_673603edef738ef855ed24e5_MAT-L097T_HA_2025.avif
124534	https://cdn.prod.website-files.com/6391b8b8063c74b54a9d5e71/673c8c14f1c2fdbdb7fc2950_673c8be4c170c109fc0632c4_Alpinova-verde-mit-Personen-Fotocredit-STRASSER-Steine-2048x1298%2520(1).jpeg
70377	https://cdn.prod.website-files.com/6391b8b8063c74b54a9d5e71/673c8c14f1c2fdbdb7fc2954_673c8bc990f7d9206a624cae_strasser_alpinova_kuechenplatte%25202%2520(1).jpeg
1064678	https://cdn.prod.website-files.com/6391b8b8063c74b54a9d5e71/673cbbed931c9de34181f7e0_660c0af65107f7bf36053ed1_20000205226.lowres.webp
1235378	https://cdn.prod.website-files.com/6391b8b8063c74b54a9d5e71/673cbbed931c9de34181f7e4_660c08d4e935745c0d013da5_20000205241.lowres.webp
43319	https://cdn.prod.website-files.com/6391b8b8063c74b54a9d5e71/673cbbf4f96b43204aa533d8_65b3a4d507d91bef7db0e47f_Ku%25CC%2588che%2520gru%25CC%2588ndlich%2520ausmisten%2520und%2520reinigen.jpeg
121378	https://cdn.prod.website-files.com/6391b8b8063c74b54a9d5e71/673cbbf4f96b43204aa533e2_63e23e3afddb58212ddb1a31_kueche_planen_kuechenheld_erfahrungsbericht_weissekueche03.webp
76825	https://cdn.prod.website-files.com/6391b8b8063c74b54a9d5e71/673cbbf4f96b43204aa533e5_65b3ba01d82841ecb6d6ccca_BAR-K047_SGM-A107_Le-Mans_2023.jpeg
51905	https://cdn.prod.website-files.com/6391b8b8063c74b54a9d5e71/673cbbf4f96b43204aa533e8_65b3d0228860f2582274691e_AdobeStock_523432275.jpeg
38519	https://cdn.prod.website-files.com/6391b8b8063c74b54a9d5e71/673cbbf4f96b43204aa533eb_65b3ce4a754be8166abe888a_AdobeStock_622830666.jpeg
51842	https://cdn.prod.website-files.com/6391b8b8063c74b54a9d5e71/673cbbf4f96b43204aa533ee_65b3b96de6724f52886f8773_BAR-K047_SGM-A107_Griff-397_2023.jpeg
24089	https://cdn.prod.website-files.com/6391b8b8063c74b54a9d5e71/673cbbf4f96b43204aa533f1_65b3d10e05679f0e1c90ab07_2021_bora_spure_detail_schwarz.jpeg
24154	https://cdn.prod.website-files.com/6391b8b8063c74b54a9d5e71/673cbbf4f96b43204aa533f4_65b3a5e43632c6023048fc36_Frischen-Farbwind-fu%25CC%2588r-die-Ku%25CC%2588chenwa%25CC%2588nde.jpeg
64852	https://cdn.prod.website-files.com/6391b8b8063c74b54a9d5e71/673cbc061e91be63e74aebff_63ef94dbe5eceb2dc1cc3963_02_kuechenmuster_kuechenheld_preisindikation.webp
45152	https://cdn.prod.website-files.com/6391b8b8063c74b54a9d5e71/673cbc061e91be63e74aec02_6391b8b8063c7440a69d75b0_kuechenheld%2520erfahrungsbericht%252002.webp
45776	https://cdn.prod.website-files.com/6391b8b8063c74b54a9d5e71/673cbc061e91be63e74aec05_6391b8b8063c741c829d7768_K%25C3%25BCchenheld-K%25C3%25BCche-planen-Erfahrung.webp
889854	https://cdn.prod.website-files.com/6391b8b8063c74b54a9d5e71/673cbc2b6d7aa7288ce37fa5_6602cc1d2527dd3d94a4fc62_20000197568.lowres.jpeg
1186074	https://cdn.prod.website-files.com/6391b8b8063c74b54a9d5e71/673cbc2b6d7aa7288ce37fa9_6602dfd9d3ba0648ec50b22d_20000198060.lowres.webp
67838	https://cdn.prod.website-files.com/6391b8b8063c74b54a9d5e71/6756d9b2e79f523dac294442_6756d91d812ddb7493a9a44a_LIO-K779_BIE-L350_OS-Rondo-2_2025%2520(2).jpeg
149848	https://cdn.prod.website-files.com/6391b8b8063c74b54a9d5e71/6756da209d150ff24e28cd32_673c8c0a70122043f88720cf_strasser_alpinova_hotspots-1536x1237%2520(1).jpeg
143508	https://cdn.prod.website-files.com/6391b8b8063c74b54a9d5e71/675b035776d025bac4e0f102_6572ca005af80558943ae9ca_SL01_bild_gross.webp
56226	https://cdn.prod.website-files.com/6391b8b8063c74b54a9d5e71/675b035776d025bac4e0f105_6572ca319fe63bd074c545a9_siemens-studioline-iq700-backofen-kamera-kuechenheld.webp
217408	https://cdn.prod.website-files.com/6391b8b8063c74b54a9d5e71/675b035776d025bac4e0f108_6572cbf69c7bea2d1979af3d_COA-P247_UMA-P187_Tischluefter-2_2020.webp
77344	https://cdn.prod.website-files.com/6391b8b8063c74b54a9d5e71/675b044c0f34a6d3e9c52f74_66cdc5ff47d5156666571fdf_64ca2cdb191fd0422690bf5e_blog-kuechentrends-2024-03.webp
78024	https://cdn.prod.website-files.com/6391b8b8063c74b54a9d5e71/675b044c0f34a6d3e9c52f77_66cdc5ff47d5156666571fdb_64ca2ccbcf08036ca8f1aa85_blog-kuechentrends-2024-01.webp
93346	https://cdn.prod.website-files.com/6391b8b8063c74b54a9d5e71/675b044c0f34a6d3e9c52f7d_66cdc5ff47d5156666571fd8_64ca2cd3191fd0422690b26d_blog-kuechentrends-2024-02.webp
93512	https://cdn.prod.website-files.com/6391b8b8063c74b54a9d5e71/675b044c0f34a6d3e9c52f80_66cdc5ff47d5156666571fe2_64ca2ce6f93fde45b49a4519_blog-kuechentrends-2024-04.webp
107850	https://cdn.prod.website-files.com/6391b8b8063c74b54a9d5e71/675b049d5776d5e4e97edf53_6401f41d65d8080bca893d8f_kuechentrends-2023-kueche-planen-kuechenheld-blog-01.webp
38756	https://cdn.prod.website-files.com/6391b8b8063c74b54a9d5e71/675b049d5776d5e4e97edf56_6401f44a83989c34565e2c0b_kuechentrends-2023-kueche-planen-kuechenheld-blog-04.webp
43396	https://cdn.prod.website-files.com/6391b8b8063c74b54a9d5e71/675b049d5776d5e4e97edf59_6401f45619949c7bbe95220c_kuechentrends-2023-kueche-planen-kuechenheld-blog-05.webp
30030	https://cdn.prod.website-files.com/6391b8b8063c74b54a9d5e71/675b049d5776d5e4e97edf5c_6401f42e4d98f5bea01743c2_kuechentrends-2023-kueche-planen-kuechenheld-blog-02.webp
108702	https://cdn.prod.website-files.com/6391b8b8063c74b54a9d5e71/675b049d5776d5e4e97edf6e_6401f43c83989cf32a5e1aef_kuechentrends-2023-kueche-planen-kuechenheld-blog-03.webp
170270	https://cdn.prod.website-files.com/6391b8b8063c74b54a9d5e71/675c1476c52a9788de8a2f03_646dc7befb1ed52bdf14b158_kuechen-aus-beton-neue-kuechentrend-kuechenheld-blog-03.webp
65304	https://cdn.prod.website-files.com/6391b8b8063c74b54a9d5e71/675c1476c52a9788de8a2f06_646dc7d3f57fc668435f67ae_kuechen-aus-beton-neue-kuechentrend-kuechenheld-blog-01.webp
124322	https://cdn.prod.website-files.com/6391b8b8063c74b54a9d5e71/675c1476c52a9788de8a2f09_646dc7dd02b9c9bc36670ff3_kuechen-aus-beton-neue-kuechentrend-kuechenheld-blog-04.webp
90072	https://cdn.prod.website-files.com/6391b8b8063c74b54a9d5e71/675c1476c52a9788de8a2f0c_646dc7ca416df4c044977af9_kuechen-aus-beton-neue-kuechentrend-kuechenheld-blog-02.webp
107672	https://cdn.prod.website-files.com/6391b8b8063c74b54a9d5e71/675c1476c52a9788de8a2f13_646dc7ecf791c14cdf28aa55_kuechen-aus-beton-neue-kuechentrend-kuechenheld-blog-05.webp
49230	https://cdn.prod.website-files.com/6391b8b8063c74b54a9d5e71/675c19a07f8fcb87f773b411_6391b8b8063c7463ee9d75f1_Accent%2520line%25207.webp
16172	https://cdn.prod.website-files.com/6391b8b8063c74b54a9d5e71/675c19a07f8fcb87f773b414_6391b8b8063c7443169d75ef_Bosch%2520Kaffeevollautomat%25201.webp
41204	https://cdn.prod.website-files.com/6391b8b8063c74b54a9d5e71/675c19a07f8fcb87f773b417_6391b8b8063c7450d99d75f0_Accent%2520line%25206.webp
576045	https://cdn.prod.website-files.com/6391b8b8063c74b54a9d5e71/675c19a07f8fcb87f773b454_6391b8b8063c7490249d7447_Accent%2520line%25203.png
112110	https://cdn.prod.website-files.com/6391b8b8063c74b54a9d5e71/675c19f474c109f00835e85f_6401c2fda303a380ee021e38_moderne-landhauskuechen-kuechen-im-country-style-blog-03.webp
89544	https://cdn.prod.website-files.com/6391b8b8063c74b54a9d5e71/675c19f474c109f00835e862_6401c2e40834b2ddfeb02256_moderne-landhauskuechen-kuechen-im-country-style-blog-05.webp
125492	https://cdn.prod.website-files.com/6391b8b8063c74b54a9d5e71/675c19f474c109f00835e865_6401ce1ee508112e2916b876_moderne-landhauskuechen-kuechen-im-country-style-blog-06.webp
123908	https://cdn.prod.website-files.com/6391b8b8063c74b54a9d5e71/675c19f474c109f00835e868_6401c31923060c0faeb67103_moderne-landhauskuechen-kuechen-im-country-style-blog-02.webp
166794	https://cdn.prod.website-files.com/6391b8b8063c74b54a9d5e71/675c19f474c109f00835e86b_6401c311a303a335c60237e0_moderne-landhauskuechen-kuechen-im-country-style-blog-04.webp
49546	https://cdn.prod.website-files.com/6391b8b8063c74b54a9d5e71/675c1a8e679f344366287bf3_648097f9551d24222bce43cf_blog-zeitlose-kuechendesign-03.webp
119344	https://cdn.prod.website-files.com/6391b8b8063c74b54a9d5e71/675c1a8e679f344366287bf6_648097e5a7c969bd4c51c5a5_blog-zeitlose-kuechendesign-01.webp
60454	https://cdn.prod.website-files.com/6391b8b8063c74b54a9d5e71/675c1a8e679f344366287bf9_648097f004c35f7bbc8c327e_blog-zeitlose-kuechendesign-02.webp
138450	https://cdn.prod.website-files.com/6391b8b8063c74b54a9d5e71/675c1a8e679f344366287bfc_64809826696199db88668475_blog-zeitlose-kuechendesign-07.webp
119776	https://cdn.prod.website-files.com/6391b8b8063c74b54a9d5e71/675c1a8e679f344366287bff_6480980d8e7dcf395103b5df_blog-zeitlose-kuechendesign-05.webp
112492	https://cdn.prod.website-files.com/6391b8b8063c74b54a9d5e71/675c1a8e679f344366287c02_6480981bc609fd59738117e0_blog-zeitlose-kuechendesign-06.webp
40508	https://cdn.prod.website-files.com/6391b8b8063c74b54a9d5e71/675c1b093d9b2a598faa1e20_64808a2dc0f87843255cf9aa_blog-trendfarbe-gruen-gestaltung-der-kueche-06.webp
89132	https://cdn.prod.website-files.com/6391b8b8063c74b54a9d5e71/675c1b093d9b2a598faa1e23_648089fb3f4528f66519b8f5_blog-trendfarbe-gruen-gestaltung-der-kueche-03.webp
69090	https://cdn.prod.website-files.com/6391b8b8063c74b54a9d5e71/675c1b093d9b2a598faa1e26_64808a17a6f7c608d7ed7db9_blog-trendfarbe-gruen-gestaltung-der-kueche-04.webp
36874	https://cdn.prod.website-files.com/6391b8b8063c74b54a9d5e71/675c1b093d9b2a598faa1e29_64808a640d246d0fd7ef3675_blog-trendfarbe-gruen-gestaltung-der-kueche-09.webp
28266	https://cdn.prod.website-files.com/6391b8b8063c74b54a9d5e71/675c1b093d9b2a598faa1e2c_64808a386d1d70eac6cd07c1_blog-trendfarbe-gruen-gestaltung-der-kueche-08.webp
58556	https://cdn.prod.website-files.com/6391b8b8063c74b54a9d5e71/675c1e971e17fd9690dc0738_6391b8b8063c74867e9d76f6_kuechenheld_ratgeber_neolith03.webp
62242	https://cdn.prod.website-files.com/6391b8b8063c74b54a9d5e71/675c1e971e17fd9690dc073b_6391b8b8063c74bbe49d76f8_kuechenheld_ratgeber_neolith00.webp
129612	https://cdn.prod.website-files.com/6391b8b8063c74b54a9d5e71/675c1e981e17fd9690dc073f_6391b8b8063c74de8f9d76f7_kuechenheld_ratgeber_neolith02.webp
275840	https://cdn.prod.website-files.com/6391b8b8063c74b54a9d5e71/675c1e981e17fd9690dc0894_658354135ca22abdac64cbc4_Neolith_K%25C3%25BCchenheld.webp
70925	https://cdn.prod.website-files.com/6391b8b8063c74b54a9d5e71/677fe148ca5d42a04a1c2165_677fe0e39d9468548142a6ec_677fdd6318da0b574ca5469b_AdobeStock_993070903%2520(1).avif
31723	https://cdn.prod.website-files.com/6391b8b8063c74b54a9d5e71/677fe148ca5d42a04a1c2168_677fe111fa9a8c28988593e3_677fdd6311a7a4b58f3b04bf_AdobeStock_510149416.avif
66390	https://cdn.prod.website-files.com/6391b8b8063c74b54a9d5e71/677fe148ca5d42a04a1c216b_677fe12b936360dca2c6b83f_677fdd635919825783e30c33_AdobeStock_629600466.avif
60074	https://cdn.prod.website-files.com/6391b8b8063c74b54a9d5e71/677fe4955b37e3af2a9d2614_677fe47432e180ab5ff46281_677fe2ae4b2bd7498c5f1c8b_AdobeStock_1009944337.avif
106985	https://cdn.prod.website-files.com/6391b8b8063c74b54a9d5e71/6790f0cfd4d1fe3b379e0fa6_6790f014ceef388b8a2fa5cb_2622_Perfect_Soft_kristallweiss_Bali_Sommereiche_hell_V1.jpeg
91868	https://cdn.prod.website-files.com/6391b8b8063c74b54a9d5e71/6790f0cfd4d1fe3b379e0fb7_6391b8b8063c741a9f9d7434_kueche_planen_haecker_nussbaum.jpeg
47295	https://cdn.prod.website-files.com/6391b8b8063c74b54a9d5e71/6790f0cfd4d1fe3b379e0fbb_6790f06e1dca1579c4e3a4ef_av1095-sommereiche-05.jpeg
125612	https://cdn.prod.website-files.com/6391b8b8063c74b54a9d5e71/6790f0cfd4d1fe3b379e0fd8_6790f02ba19b025e94dc4d56_AdobeStock_1155087433.jpeg
36922	https://cdn.prod.website-files.com/6391b8b8063c74b54a9d5e71/6791094497a36ffe79bca764_6790f096a19b025e94dcc1ef_AV_%25206082GL_Nussbaum-elegant_AV_%25202135GL_Schwarz_M1_Frontal.webp
57638	https://cdn.prod.website-files.com/6391b8b8063c74b54a9d5e71/679cd110132c21d33c32a1a5_65b7af5c359d9b66ab050ddd_pyrolyse_kuechenheld.webp
66274	https://cdn.prod.website-files.com/6391b8b8063c74b54a9d5e71/679cd110132c21d33c32a1a8_65b7b56533578277bfd97091_pyrolyse_k%25C3%25BCchenheld_siemens.webp
1215384	https://cdn.prod.website-files.com/6391b8b8063c74b54a9d5e71/679cd110132c21d33c32a1f7_679cd04d93b85df427b9f803_AdobeStock_258414892-min.jpeg
218893	https://cdn.prod.website-files.com/6391b8b8063c74b54a9d5e71/679cddc0884640a86e26d377_6391b8b8063c745fca9d7485_next125_NX902-G572_NX620-F741_GS.jpeg
277757	https://cdn.prod.website-files.com/6391b8b8063c74b54a9d5e71/679cddc0884640a86e26d37b_6391b8b8063c746f339d7482_av7030_silver_star_01.jpeg
1338652	https://cdn.prod.website-files.com/6391b8b8063c74b54a9d5e71/679cddc0884640a86e26d37f_6391b8b8063c74484c9d745e_623b6c45376c4b705bc4f08f_csm_av_6080_gl_nussbaum_av_6000_ral_m_quer_7631800403.jpeg
145589	https://cdn.prod.website-files.com/6391b8b8063c74b54a9d5e71/67a4d7035f745bf07458ba68_70aaf3c4.jpeg
242780	https://cdn.prod.website-files.com/6391b8b8063c74b54a9d5e71/67a4d7d39af20bd98986c8cc_2e3a09ce.jpeg
327302	https://cdn.prod.website-files.com/6391b8b8063c74b54a9d5e71/67a4d8b27f89c28178afdc49_de26d6bd.jpeg
244539	https://cdn.prod.website-files.com/6391b8b8063c74b54a9d5e71/67a5f6d313ae511a864ecd4e_next125_nx510-L417M-L262M_HA_2022-min.jpg
27553	https://cdn.prod.website-files.com/6391b8b8063c74b54a9d5e71/67c6d5a81cc0932933a0ce13_67c6d52b8425c707d8c53594_AdobeStock_888249609.avif
36952	https://cdn.prod.website-files.com/6391b8b8063c74b54a9d5e71/67c6de15ee83de2437a1948e_2021_bora_multischublade_ms140_beeren_auftauen_01.avif
22023	https://cdn.prod.website-files.com/6391b8b8063c74b54a9d5e71/67c6dfffa89cc4729fc9d27c_2021_bora_multischublade_ms290_geschirr_vorwaermen_01.avif
2561733	https://cdn.prod.website-files.com/6391b8b8063c74b54a9d5e71/67d434af95ae9623cc313ea1_AdobeStock_236902910-min.jpeg
546455	https://cdn.prod.website-files.com/6391b8b8063c74b54a9d5e71/67d4359095ae9623cc324da5_AdobeStock_540399305-min.jpeg
1791165	https://cdn.prod.website-files.com/6391b8b8063c74b54a9d5e71/67d435ba90ed627cb72d5abf_AdobeStock_123930506-min.jpeg
136984	https://cdn.prod.website-files.com/6391b8b8063c74b54a9d5e71/67d43621445bce60965e6463_dekton-marmoroptik-maserung-wiebe-naturstein-keramik-kuechenmodernisierung.webp
3152493	https://cdn.prod.website-files.com/6391b8b8063c74b54a9d5e71/67d7f2474c0b335b088a7724_2021-021_02.jpg
1885361	https://cdn.prod.website-files.com/6391b8b8063c74b54a9d5e71/67d7f474444244ee7f9b0658_AdobeStock_99945734.jpeg
3188112	https://cdn.prod.website-files.com/6391b8b8063c74b54a9d5e71/67d7f5e29b0eaa3d227c431a_AdobeStock_990275173.jpeg
85375	https://cdn.prod.website-files.com/6391b8b8063c74b54a9d5e71/67e27408ff1991168e2470b3_6391b8b8063c7414629d7431_kueche_planen_haecker_front_eukalyptus.jpeg
71591	https://cdn.prod.website-files.com/6391b8b8063c74b54a9d5e71/67e27408ff1991168e2470b6_6391b8b8063c74024e9d7430_kueche_planen_haecker_front_olivgruen.jpeg
37884	https://cdn.prod.website-files.com/6391b8b8063c74b54a9d5e71/67e27408ff1991168e2470b9_6391b8b8063c745b369d7433_kueche_planen_haecker_helleiste_ocean_eukalyptus_burgund_naturur.jpeg
258595	https://cdn.prod.website-files.com/6391b8b8063c74b54a9d5e71/67e27e76d47a9890b5660bc0_6391b8b8063c74c1849d6f71_Blogartikel%2520Bilder%2520(9).jpeg
402896	https://cdn.prod.website-files.com/6391b8b8063c74b54a9d5e71/67e27e76d47a9890b5660bc3_6391b8b8063c7433d79d7620_Arbeitsplatten%252003.webp
643524	https://cdn.prod.website-files.com/6391b8b8063c74b54a9d5e71/67e27e76d47a9890b5660bc7_6391b8b8063c746f289d7623_Arbeitsplatten%252004.webp
117115	https://cdn.prod.website-files.com/6391b8b8063c74b54a9d5e71/67e4063cf43b9bff1471c183_6391b8b8063c7483679d6d5b_211007_Paneelwaende.jpeg
161452	https://cdn.prod.website-files.com/6391b8b8063c74b54a9d5e71/67e4063cf43b9bff1471c1ad_6391b8b8063c74b7e59d75bd_K%25C3%25BCchenpaneele%252006.webp
122494	https://cdn.prod.website-files.com/6391b8b8063c74b54a9d5e71/67e4063cf43b9bff1471c1b0_6391b8b8063c745fdd9d75be_K%25C3%25BCchenpaneel%252007.webp
197813	https://cdn.prod.website-files.com/6391b8b8063c74b54a9d5e71/67eaa5737a5f7f323d6520e1_csm_finca-l550p-tiefblau-satin-landhaus-detaill-spuele-ablage_088f49300a.jpeg
1074724	https://cdn.prod.website-files.com/6391b8b8063c74b54a9d5e71/685eaa34008cfea28d24e09f_EK29626_EXL340D501GS0W.webp
1192172	https://cdn.prod.website-files.com/6391b8b8063c74b54a9d5e71/685eaa46e14cbd083beff13c_EK29866_EXD360D503GS0W.webp
1351004	https://cdn.prod.website-files.com/6391b8b8063c74b54a9d5e71/685eaa625323e95f23f329ca_EK28520_EXD295D502GS1W.webp
2158224	https://cdn.prod.website-files.com/6391b8b8063c74b54a9d5e71/68cac341041aa745afd2ccd0_AdobeStock_1494988683.jpeg
2471910	https://cdn.prod.website-files.com/6391b8b8063c74b54a9d5e71/6960db7673e8eb004142dbc4_2927%20SCALA%20GL%20Balticblau%20LINEA-GL%20Eiche-natur%20D01.webp
2559558	https://cdn.prod.website-files.com/6391b8b8063c74b54a9d5e71/6960dc3342ec4bfa728d9397_2835%20SCALA%20GL%20Amarant%20%20CALGARY%20GL%20Samteiche-schwarz%20M05-min.jpg
244888	https://cdn.prod.website-files.com/6391b8b8063c74b54a9d5e71/6960dc534191c5a425c65cd4_AP-K063.webp