post	image_url
5-kuechenkauftypen	https://cdn.prod.website-files.com/6391b8b8063c74b54a9d5e71/64f84faa293cac191b15a03c_8000-gl-graphit-stone-keramik-7000-gl-echtbeton-natur-03.webp
5-kuechenkauftypen	https://cdn.prod.website-files.com/6391b8b8063c74b54a9d5e71/655c7e518b397abebdf3574e_K1950_Visual_01_empowering_2.webp
5-mythen-beim-kuechenkauf	https://cdn.prod.website-files.com/6391b8b8063c74b54a9d5e71/64f8750223055db42c41928e_2040GL_Feineiche-hell_6000GL-GreigeM1.webp
5-mythen-beim-kuechenkauf	https://cdn.prod.website-files.com/6391b8b8063c74b54a9d5e71/64f87513c34ef1e794bd6eff_av7030_silver_star_02.webp
alpinova-nachhaltige-arbeitsplatte	https://cdn.prod.website-files.com/6391b8b8063c74b54a9d5e71/673c8c14f1c2fdbdb7fc2954_673c8bc990f7d9206a624cae_strasser_alpinova_kuechenplatte%25202%2520(1).jpeg
alpinova-nachhaltige-arbeitsplatte	https://cdn.prod.website-files.com/6391b8b8063c74b54a9d5e71/673c8c14f1c2fdbdb7fc2950_673c8be4c170c109fc0632c4_Alpinova-verde-mit-Personen-Fotocredit-STRASSER-Steine-2048x1298%2520(1).jpeg
backofen-reinigen	https://cdn.prod.website-files.com/6391b8b8063c74b54a9d5e71/679cd110132c21d33c32a1a8_65b7b56533578277bfd97091_pyrolyse_k%25C3%25BCchenheld_siemens.webp
backofen-reinigen	https://cdn.prod.website-files.com/6391b8b8063c74b54a9d5e71/679cd110132c21d33c32a1f7_679cd04d93b85df427b9f803_AdobeStock_258414892-min.jpeg
backofen-reinigen	https://cdn.prod.website-files.com/6391b8b8063c74b54a9d5e71/679cd110132c21d33c32a1a5_65b7af5c359d9b66ab050ddd_pyrolyse_kuechenheld.webp
banigo-by-kuechenheld	https://cdn.prod.website-files.com/6391b8b8063c74b54a9d5e71/64ef403e5f841e5a3fff2e42_AnyConv.com__4004539024748%2090250_21_Structura_405_M_01.webp
banigo-by-kuechenheld	https://cdn.prod.website-files.com/6391b8b8063c74b54a9d5e71/64ef37f6b54319b2113b20cb_044_Montage_ProfiPlus.webp
blanco-choice-die-revolution-der-wasserqualitaet	https://cdn.prod.website-files.com/6391b8b8063c74b54a9d5e71/663b9a31c542bb121d1ea4af_CHOICE_ICONA_SST_stainless_steel_527656_Z07_C_Web-PPT-JPG_150dpi_195335.webp
blanco-choice-die-revolution-der-wasserqualitaet	https://cdn.prod.website-files.com/6391b8b8063c74b54a9d5e71/663b9a66685ace0416fdb759_CHOICE_ICONA_UNIT_APP_DT_527656_02X_C_Web-PPT-JPG-Highres_Logo-Award-Picto_195199.webp
blanco-choice-die-revolution-der-wasserqualitaet	https://cdn.prod.website-files.com/6391b8b8063c74b54a9d5e71/663b9a98c343f2b53f79c9fa_UNIT_CHOICE_ICONA_ETAGON_6-F_527659_C_Web-PPT-JPG-Highres_Logo-Award-Picto_190185.webp
blaue-kuechen	https://cdn.prod.website-files.com/6391b8b8063c74b54a9d5e71/64c90df8ba8ad36897df82d2_blog-kuechenheld-blaue-kuechen-01.webp
blaue-kuechen	https://cdn.prod.website-files.com/6391b8b8063c74b54a9d5e71/64c90e2b4e9ec62dedcb543b_blog-kuechenheld-blaue-kuechen-04.webp
blaue-kuechen	https://cdn.prod.website-files.com/6391b8b8063c74b54a9d5e71/64c90e11ba8ad36897dfa44d_blog-kuechenheld-blaue-kuechen-05.webp
blaue-kuechen	https://cdn.prod.website-files.com/6391b8b8063c74b54a9d5e71/64c90e053bb4c950abed0fdf_blog-kuechenheld-blaue-kuechen-03.webp
blaue-kuechen	https://cdn.prod.website-files.com/6391b8b8063c74b54a9d5e71/64c90e3dc07a1164a59d5eb0_blog-kuechenheld-blaue-kuechen-02.webp
bunte-kuechen	https://cdn.prod.website-files.com/6391b8b8063c74b54a9d5e71/67a4d8b27f89c28178afdc49_de26d6bd.jpeg
ceranfeld-reinigen	https://cdn.prod.website-files.com/6391b8b8063c74b54a9d5e71/67d7f474444244ee7f9b0658_AdobeStock_99945734.jpeg
ceranfeld-reinigen	https://cdn.prod.website-files.com/6391b8b8063c74b54a9d5e71/67d7f5e29b0eaa3d227c431a_AdobeStock_990275173.jpeg
ceranfeld-reinigen	https://cdn.prod.website-files.com/6391b8b8063c74b54a9d5e71/67d7f2474c0b335b088a7724_2021-021_02.jpg
das-ende-des-traditionellen-kochens-bora-verandert-den-kuchenmarkt	https://cdn.prod.website-files.com/6391b8b8063c74b54a9d5e71/6391b8b8063c740b619d75fd_Bora%2005.webp
das-ende-des-traditionellen-kochens-bora-verandert-den-kuchenmarkt	https://cdn.prod.website-files.com/6391b8b8063c74b54a9d5e71/6391b8b8063c7404129d5f6e_611a27976204c0f8924ca892_2017_bora_prod.jpeg
das-ende-des-traditionellen-kochens-bora-verandert-den-kuchenmarkt	https://cdn.prod.website-files.com/6391b8b8063c74b54a9d5e71/6391b8b8063c74f4309d75fe_Bora%2004.webp
das-ende-des-traditionellen-kochens-bora-verandert-den-kuchenmarkt	https://cdn.prod.website-files.com/6391b8b8063c74b54a9d5e71/6391b8b8063c7484ae9d6e9b_Design%20ohne%20Titel%20(3).jpg
der-digital-smartroom	https://cdn.prod.website-files.com/6391b8b8063c74b54a9d5e71/64ee0b300d7fc4fd953f475c_Digital%20Smartoom%20Kuechenheld%201.webp
der-neue-star-in-ihrem-zu-hause-die-moderne-kucheninsel	https://cdn.prod.website-files.com/6391b8b8063c74b54a9d5e71/66c84793e272901de0e3b163_6391b8b8063c7495879d7602_K%25C3%25BCcheninsel%252003.webp
der-neue-star-in-ihrem-zu-hause-die-moderne-kucheninsel	https://cdn.prod.website-files.com/6391b8b8063c74b54a9d5e71/66c84793e272901de0e3b168_6391b8b8063c74f9279d7603_K%25C3%25BCcheninsel%252004.webp
die-langlebigkeit-von-naturstein-eine-investition-in-die-zukunft-ihrer-kueche	https://cdn.prod.website-files.com/6391b8b8063c74b54a9d5e71/6391b8b8063c743ce19d74b9_kuechenheld_design_arbeitsplatten%20in%20Stein00.jpg
die-langlebigkeit-von-naturstein-eine-investition-in-die-zukunft-ihrer-kueche	https://cdn.prod.website-files.com/6391b8b8063c74b54a9d5e71/6391b8b8063c74cb239d74ba_kuechenheld_design_arbeitsplatten%20in%20Stein01.jpg
die-langlebigkeit-von-naturstein-eine-investition-in-die-zukunft-ihrer-kueche	https://cdn.prod.website-files.com/6391b8b8063c74b54a9d5e71/6391b8b8063c7461809d7640_kuechenheld_design_arbeitsplatten%20in%20Stein04.jpg
die-langlebigkeit-von-naturstein-eine-investition-in-die-zukunft-ihrer-kueche	https://cdn.prod.website-files.com/6391b8b8063c74b54a9d5e71/6579cec07c8106c2d28665b0_Dekton-917-Rem.webp
die-musterbox-von-kuchenheld-materialmuster-bequem-nach-hause-liefern-lassen	https://cdn.prod.website-files.com/6391b8b8063c74b54a9d5e71/643ffc1a73b7d73ab9e8dfc4_musterbox-kuechenheld-materialmuster-kuechenplanung-blog-01.webp
die-musterbox-von-kuchenheld-materialmuster-bequem-nach-hause-liefern-lassen	https://cdn.prod.website-files.com/6391b8b8063c74b54a9d5e71/643ffc64165fa3f876486d80_musterbox-kuechenheld-materialmuster-kuechenplanung-blog-03.webp
die-musterbox-von-kuchenheld-materialmuster-bequem-nach-hause-liefern-lassen	https://cdn.prod.website-files.com/6391b8b8063c74b54a9d5e71/643ffc41445160da1a08c78f_musterbox-kuechenheld-materialmuster-kuechenplanung-blog-02.webp
die-musterbox-von-kuchenheld-materialmuster-bequem-nach-hause-liefern-lassen	https://cdn.prod.website-files.com/6391b8b8063c74b54a9d5e71/643ffc34ab4c1f55ba5e03ab_musterbox-kuechenheld-materialmuster-kuechenplanung-blog-04.webp
die-neuesten-trends-bei-kuchengeraten-das-kommt-2024	https://cdn.prod.website-files.com/6391b8b8063c74b54a9d5e71/675b035776d025bac4e0f102_6572ca005af80558943ae9ca_SL01_bild_gross.webp
die-neuesten-trends-bei-kuchengeraten-das-kommt-2024	https://cdn.prod.website-files.com/6391b8b8063c74b54a9d5e71/675b035776d025bac4e0f108_6572cbf69c7bea2d1979af3d_COA-P247_UMA-P187_Tischluefter-2_2020.webp
die-neuesten-trends-bei-kuchengeraten-das-kommt-2024	https://cdn.prod.website-files.com/6391b8b8063c74b54a9d5e71/675b035776d025bac4e0f105_6572ca319fe63bd074c545a9_siemens-studioline-iq700-backofen-kamera-kuechenheld.webp
express-kuechen-bei-kuechenheld	https://cdn.prod.website-files.com/6391b8b8063c74b54a9d5e71/685eaa34008cfea28d24e09f_EK29626_EXL340D501GS0W.webp
express-kuechen-bei-kuechenheld	https://cdn.prod.website-files.com/6391b8b8063c74b54a9d5e71/685eaa46e14cbd083beff13c_EK29866_EXD360D503GS0W.webp
express-kuechen-bei-kuechenheld	https://cdn.prod.website-files.com/6391b8b8063c74b54a9d5e71/685eaa625323e95f23f329ca_EK28520_EXD295D502GS1W.webp
farbenfrohe-akzente-in-der-kueche	https://cdn.prod.website-files.com/6391b8b8063c74b54a9d5e71/6391b8b8063c74909e9d749d_LIM-K855_HA_2021.jpg
farbenfrohe-akzente-in-der-kueche	https://cdn.prod.website-files.com/6391b8b8063c74b54a9d5e71/6391b8b8063c746d7e9d74b7_SIE-L442M_HA_2021.jpg
farbenfrohe-akzente-in-der-kueche	https://cdn.prod.website-files.com/6391b8b8063c74b54a9d5e71/6391b8b8063c7478019d749f_SIE-L552M_HA_2021.jpg
farbenfrohe-akzente-in-der-kueche	https://cdn.prod.website-files.com/6391b8b8063c74b54a9d5e71/6391b8b8063c74f0949d7600_Farbenfrohe%20Akzente%202.webp
farbenfrohe-akzente-in-der-kueche	https://cdn.prod.website-files.com/6391b8b8063c74b54a9d5e71/6391b8b8063c7482b69d74a2_next125_NX510-L187M-L292M_NX505-L380_HA.jpg
farbenfrohe-akzente-in-der-kueche	https://cdn.prod.website-files.com/6391b8b8063c74b54a9d5e71/6399ad39141e966cabfbac45_623af6b191634dedea79dffd_kueche_planen_dunkle_kueche_holz01.jpeg
gegensatze-ziehen-sich-an-kuchentrends	https://cdn.prod.website-files.com/6391b8b8063c74b54a9d5e71/6391b8b8063c7426339d6ed7_meteor-schwarzstahl-01.jpg
geriffelte-holzfronten	https://cdn.prod.website-files.com/6391b8b8063c74b54a9d5e71/6492d51e37722653ce9cbe94_blog-kuechenheld-kuechen-geriffelte-holzfront-01.webp
geriffelte-holzfronten	https://cdn.prod.website-files.com/6391b8b8063c74b54a9d5e71/6492d52829f91fde6fa6bced_blog-kuechenheld-kuechen-geriffelte-holzfront-03.webp
geriffelte-holzfronten	https://cdn.prod.website-files.com/6391b8b8063c74b54a9d5e71/6492d5321d6817c851a87466_blog-kuechenheld-kuechen-geriffelte-holzfront-04.webp
geriffelte-holzfronten	https://cdn.prod.website-files.com/6391b8b8063c74b54a9d5e71/6492d53caf8ad764185a6db6_blog-kuechenheld-kuechen-geriffelte-holzfront-05.webp
geriffelte-holzfronten	https://cdn.prod.website-files.com/6391b8b8063c74b54a9d5e71/6492d54637722653ce9cca85_blog-kuechenheld-kuechen-geriffelte-holzfront-07.webp
geriffelte-holzfronten	https://cdn.prod.website-files.com/6391b8b8063c74b54a9d5e71/6492d54e29f91fde6fa6d3fe_blog-kuechenheld-kuechen-geriffelte-holzfront-06.webp
geriffelte-holzfronten	https://cdn.prod.website-files.com/6391b8b8063c74b54a9d5e71/6492d559ac10704a532ac37c_blog-kuechenheld-kuechen-geriffelte-holzfront-08.webp
graue-kueche	https://cdn.prod.website-files.com/6391b8b8063c74b54a9d5e71/66cdc4da97877d7922d609ba_64ca1624848b4e235dcd6d25_blog-graue-kuechen-02.webp
graue-kueche	https://cdn.prod.website-files.com/6391b8b8063c74b54a9d5e71/66cdc4da97877d7922d609bf_64ca162f48bf8c5783959eb9_blog-graue-kuechen-03.webp
graue-kueche	https://cdn.prod.website-files.com/6391b8b8063c74b54a9d5e71/66cdc4da97877d7922d609c2_64ca163922e08776b4102451_blog-graue-kuechen-04.webp
graue-kueche	https://cdn.prod.website-files.com/6391b8b8063c74b54a9d5e71/66cdc4da97877d7922d609c6_64ca16444aaca95fa3400498_blog-graue-kuechen-05.webp
hauswirtschaftsraum-planen	https://cdn.prod.website-files.com/6391b8b8063c74b54a9d5e71/64c27d81ab8b83577b78f1bf_blog-hauswirtschaftstraum-planen-01.webp
hauswirtschaftsraum-planen	https://cdn.prod.website-files.com/6391b8b8063c74b54a9d5e71/64c27d7187241b9672823ba4_blog-hauswirtschaftstraum-planen-03.webp
hauswirtschaftsraum-planen	https://cdn.prod.website-files.com/6391b8b8063c74b54a9d5e71/64c27d782fb48398592a64a5_blog-hauswirtschaftstraum-planen-04.webp
hauswirtschaftsraum-planen	https://cdn.prod.website-files.com/6391b8b8063c74b54a9d5e71/64c27d9d1335efde5413d50e_blog-hauswirtschaftstraum-planen-05.webp
hauswirtschaftsraum-planen	https://cdn.prod.website-files.com/6391b8b8063c74b54a9d5e71/64c27da5256b46635cbaabb8_blog-hauswirtschaftstraum-planen-02.webp
hauswirtschaftsraum-planen	https://cdn.prod.website-files.com/6391b8b8063c74b54a9d5e71/64c27db4ab8b83577b793b3e_blog-hauswirtschaftstraum-planen-06.webp
hochwertige-arbeitsflaechen-bei-kuechenheld-von-rosskopf-und-partner	https://cdn.prod.website-files.com/6391b8b8063c74b54a9d5e71/6391b8b8063c74edc29d776f_kueche_planen_kuechenheld_hochwertige_arbeitsfla%CC%88chen_rosskopfundpartner02.webp
hochwertige-arbeitsflaechen-bei-kuechenheld-von-rosskopf-und-partner	https://cdn.prod.website-files.com/6391b8b8063c74b54a9d5e71/6391b8b8063c743dc49d7770_kueche_planen_kuechenheld_hochwertige_arbeitsfla%CC%88chen_rosskopfundpartner04.webp
hochwertige-arbeitsflaechen-bei-kuechenheld-von-rosskopf-und-partner	https://cdn.prod.website-files.com/6391b8b8063c74b54a9d5e71/6391b8b8063c745fdd9d7771_kueche_planen_kuechenheld_hochwertige_arbeitsfla%CC%88chen_rosskopfundpartner03.webp
hochwertige-arbeitsflaechen-bei-kuechenheld-von-rosskopf-und-partner	https://cdn.prod.website-files.com/6391b8b8063c74b54a9d5e71/6391b8b8063c74001b9d7772_kueche_planen_kuechenheld_hochwertige_arbeitsfla%CC%88chen_rosskopfundpartner01.webp
hochwertige-arbeitsflaechen-bei-kuechenheld-von-rosskopf-und-partner	https://cdn.prod.website-files.com/6391b8b8063c74b54a9d5e71/6391b8b8063c7444599d7773_kueche_planen_kuechenheld_hochwertige_arbeitsfla%CC%88chen_rosskopfundpartner05.webp
hochwertige-arbeitsplatten-aus-keramik-langlebige-kuchenoberflache-mit-modernem-design	https://cdn.prod.website-files.com/6391b8b8063c74b54a9d5e71/6391b8b8063c74981e9d75b7_Langlebiges%20Keramik%2002.webp
induktionskochfeld-mit-integriertem-dunstabzug	https://cdn.prod.website-files.com/6391b8b8063c74b54a9d5e71/66300741440868deb4709282_662f7f004b0f922f63d64dc4_20000203138.lowres.jpg
induktionskochfeld-mit-integriertem-dunstabzug	https://cdn.prod.website-files.com/6391b8b8063c74b54a9d5e71/663007ca1d80490c16510603_662f7f2d8868bbfcf92826a6_20000210477.lowres.jpg
induktionskochfeld-mit-integriertem-dunstabzug	https://cdn.prod.website-files.com/6391b8b8063c74b54a9d5e71/66300810b229b225d895ec9e_662248863b86b232fd0e5218_20000198937.lowres.jpg
keramik-dekton-glas-moderne-arbeitsplatten	https://cdn.prod.website-files.com/6391b8b8063c74b54a9d5e71/67e27e76d47a9890b5660bc3_6391b8b8063c7433d79d7620_Arbeitsplatten%252003.webp
keramik-dekton-glas-moderne-arbeitsplatten	https://cdn.prod.website-files.com/6391b8b8063c74b54a9d5e71/67e27e76d47a9890b5660bc7_6391b8b8063c746f289d7623_Arbeitsplatten%252004.webp
kochen-in-offener-kuche-losungen-von-siemens	https://cdn.prod.website-files.com/6391b8b8063c74b54a9d5e71/657ade58f548504610103c5c_20063230_SIE_K1398_CGS_M230_1088x830_2022.webp
kochen-in-offener-kuche-losungen-von-siemens	https://cdn.prod.website-files.com/6391b8b8063c74b54a9d5e71/657ad5683de94885bf95094e_Fl%C3%A4chenb%C3%BCndig_K%C3%BCchenheld.webp
kochen-in-offener-kuche-losungen-von-siemens	https://cdn.prod.website-files.com/6391b8b8063c74b54a9d5e71/657ad58f065c85b3689f0cf3_Rahmenlos_K%C3%BCchenheld.webp
kochen-in-offener-kuche-losungen-von-siemens	https://cdn.prod.website-files.com/6391b8b8063c74b54a9d5e71/657ad82302a33c99e468e065_Designrahmen_K%C3%BCchenheld.webp
kochen-in-offener-kuche-losungen-von-siemens	https://cdn.prod.website-files.com/6391b8b8063c74b54a9d5e71/657ad8f9c8b3c211862b8ce1_Siemens_Muldenluefter_Kuechenheld.webp
kochfelder-von-siemens	https://cdn.prod.website-files.com/6391b8b8063c74b54a9d5e71/652695b4f285c3e246534272_K1950_Visual_01_empowering.webp
kochfelder-von-siemens	https://cdn.prod.website-files.com/6391b8b8063c74b54a9d5e71/652693ac3e0040a6a1333d6a_Image_01_DSC7402_150dpi.webp
kuchenheld-plant-raumkonzepte-fur-verschiedenste-kuchenstile	https://cdn.prod.website-files.com/6391b8b8063c74b54a9d5e71/6391b8b8063c7479e49d6d6a_QJUAg28KldV2TjMPeJwpnO941pm0FPv9Ml8i1nMLtRxy5wd986rp8yZfCqG3QE730i3DQkz548bMgnydnUW_C4S6Ke-OUSM6v8PoCF-pUtBliX75bluTvrJbzpYe3U5PQ1_Szfrw%3Ds0.jpeg
kuchenheld-plant-raumkonzepte-fur-verschiedenste-kuchenstile	https://cdn.prod.website-files.com/6391b8b8063c74b54a9d5e71/6391b8b8063c7436739d75c0_K%C3%BCchenstile%2004.webp
kuchenheld-plant-raumkonzepte-fur-verschiedenste-kuchenstile	https://cdn.prod.website-files.com/6391b8b8063c74b54a9d5e71/6391b8b8063c74975a9d6d92_FW7urSUobCql9o40yytbn1Ok7PJDS3SvCcPmsd01nS5A9ZUw68y5vjxwdoCPyCFYLVtg-9NG5e6bXKtBxVHzafpLiVEdmt_nxACgJXNp5tIyfFBLyxyRS8h1hGPfWKA302-2MItT%3Ds0.jpeg
kuchenheld-plant-raumkonzepte-fur-verschiedenste-kuchenstile	https://cdn.prod.website-files.com/6391b8b8063c74b54a9d5e71/6391b8b8063c7491469d6d8d_e88RTowMErZS8eITg8RMEYBrGQJnsB9jMq54b559zg6s1dFcXW-AAu5YIeEoG0tsT1JVLGVaMe7iARhLHv3vB-G28Gh7mchU1eDVwDNgOYX9nMaztPiKvwz3jKh_OpUN0FRYUgPv%3Ds0.jpeg
kuchenheld-plant-raumkonzepte-fur-verschiedenste-kuchenstile	https://cdn.prod.website-files.com/6391b8b8063c74b54a9d5e71/6391b8b8063c7446ac9d6d60_NwXWb_vYMlHPgSiTGQk5bp82S8-3hVBAwFEIAVpKlc9ToTF7b-Wqzpdj4LN3ctcXP21uABd0BCaeqZ3saMQD3upz0W2QBZxOTl8AE3Aoe4kpP8FxpEtQgb9MXS1lRXMXMNdrrCBL%3Ds0.jpeg
kuchenheld-plant-raumkonzepte-fur-verschiedenste-kuchenstile	https://cdn.prod.website-files.com/6391b8b8063c74b54a9d5e71/6391b8b8063c7474469d75c1_K%C3%BCchenstile%2005.webp
kuchenheld-plant-raumkonzepte-fur-verschiedenste-kuchenstile	https://cdn.prod.website-files.com/6391b8b8063c74b54a9d5e71/6391b8b8063c7444809d75c2_K%C3%BCchenstile%2006.webp
kuchentrend-zeitloses-design	https://cdn.prod.website-files.com/6391b8b8063c74b54a9d5e71/675c1a8e679f344366287bf6_648097e5a7c969bd4c51c5a5_blog-zeitlose-kuechendesign-01.webp
kuchentrend-zeitloses-design	https://cdn.prod.website-files.com/6391b8b8063c74b54a9d5e71/675c1a8e679f344366287bf9_648097f004c35f7bbc8c327e_blog-zeitlose-kuechendesign-02.webp
kuchentrend-zeitloses-design	https://cdn.prod.website-files.com/6391b8b8063c74b54a9d5e71/675c1a8e679f344366287bf3_648097f9551d24222bce43cf_blog-zeitlose-kuechendesign-03.webp
kuchentrend-zeitloses-design	https://cdn.prod.website-files.com/6391b8b8063c74b54a9d5e71/675c1a8e679f344366287bfc_64809826696199db88668475_blog-zeitlose-kuechendesign-07.webp
kuchentrend-zeitloses-design	https://cdn.prod.website-files.com/6391b8b8063c74b54a9d5e71/675c1a8e679f344366287bff_6480980d8e7dcf395103b5df_blog-zeitlose-kuechendesign-05.webp
kuchentrend-zeitloses-design	https://cdn.prod.website-files.com/6391b8b8063c74b54a9d5e71/675c1a8e679f344366287c02_6480981bc609fd59738117e0_blog-zeitlose-kuechendesign-06.webp
kuchentrends-2021-das-erwartet-sie-im-neuen-jahr	https://cdn.prod.website-files.com/6391b8b8063c74b54a9d5e71/675b049d5776d5e4e97edf53_6401f41d65d8080bca893d8f_kuechentrends-2023-kueche-planen-kuechenheld-blog-01.webp
kuchentrends-2021-das-erwartet-sie-im-neuen-jahr	https://cdn.prod.website-files.com/6391b8b8063c74b54a9d5e71/675b049d5776d5e4e97edf5c_6401f42e4d98f5bea01743c2_kuechentrends-2023-kueche-planen-kuechenheld-blog-02.webp
kuchentrends-2021-das-erwartet-sie-im-neuen-jahr	https://cdn.prod.website-files.com/6391b8b8063c74b54a9d5e71/675b049d5776d5e4e97edf6e_6401f43c83989cf32a5e1aef_kuechentrends-2023-kueche-planen-kuechenheld-blog-03.webp
kuchentrends-2021-das-erwartet-sie-im-neuen-jahr	https://cdn.prod.website-files.com/6391b8b8063c74b54a9d5e71/675b049d5776d5e4e97edf56_6401f44a83989c34565e2c0b_kuechentrends-2023-kueche-planen-kuechenheld-blog-04.webp
kuchentrends-2021-das-erwartet-sie-im-neuen-jahr	https://cdn.prod.website-files.com/6391b8b8063c74b54a9d5e71/675b049d5776d5e4e97edf59_6401f45619949c7bbe95220c_kuechentrends-2023-kueche-planen-kuechenheld-blog-05.webp
kueche-dunkelblau	https://cdn.prod.website-files.com/6391b8b8063c74b54a9d5e71/67eaa5737a5f7f323d6520e1_csm_finca-l550p-tiefblau-satin-landhaus-detaill-spuele-ablage_088f49300a.jpeg
kueche-dunkelblau	https://cdn.prod.website-files.com/6391b8b8063c74b54a9d5e71/66b0f6d73832196598fdae6c_1097-alteiche-sand-6000-samtblau-01.jpg
kueche-dunkelblau	https://cdn.prod.website-files.com/6391b8b8063c74b54a9d5e71/6391b8b8063c74d7449d724f_1097-alteiche-sand-6000-samtblau-05.jpg
kueche-in-cremefarben	https://cdn.prod.website-files.com/6391b8b8063c74b54a9d5e71/64a55a50b7f6f70d511b56b5_blog-kueche-in-cremefarben-04.webp
kueche-in-cremefarben	https://cdn.prod.website-files.com/6391b8b8063c74b54a9d5e71/64a55a59090bb6e0ee21056b_blog-kueche-in-cremefarben-02.webp
kueche-in-cremefarben	https://cdn.prod.website-files.com/6391b8b8063c74b54a9d5e71/64a55a64b7f6f70d511b6183_blog-kueche-in-cremefarben-07.webp
kueche-in-cremefarben	https://cdn.prod.website-files.com/6391b8b8063c74b54a9d5e71/64a55a6d6d1705980f97ad91_blog-kueche-in-cremefarben-06.webp
kueche-in-cremefarben	https://cdn.prod.website-files.com/6391b8b8063c74b54a9d5e71/64a55a756d1705980f97aefc_blog-kueche-in-cremefarben-01.webp
kueche-in-cremefarben	https://cdn.prod.website-files.com/6391b8b8063c74b54a9d5e71/64a55a7ec64a75fa309639e8_blog-kueche-in-cremefarben-03.webp
kueche-in-pastell	https://cdn.prod.website-files.com/6391b8b8063c74b54a9d5e71/64c277492ae1f49e399f692c_blog-kueche-in-pastell-01.webp
kueche-in-pastell	https://cdn.prod.website-files.com/6391b8b8063c74b54a9d5e71/64c27753e5b2395995f94aad_blog-kueche-in-pastell-02.webp
kueche-in-pastell	https://cdn.prod.website-files.com/6391b8b8063c74b54a9d5e71/64c2775cd37b65a9f5035305_blog-kueche-in-pastell-04.webp
kueche-in-pastell	https://cdn.prod.website-files.com/6391b8b8063c74b54a9d5e71/64c27764d37b65a9f5037680_blog-kueche-in-pastell-07.webp
kueche-in-pastell	https://cdn.prod.website-files.com/6391b8b8063c74b54a9d5e71/64c2776e2ae1f49e399fa46c_blog-kueche-in-pastell-06.webp
kueche-mit-dachschraege	https://cdn.prod.website-files.com/6391b8b8063c74b54a9d5e71/66c8474792de2ddec7dcd352_6492e95dc622887e3164c062_blog-kuechenheld-kueche-mit-dachschraege-04.webp
kueche-mit-dachschraege	https://cdn.prod.website-files.com/6391b8b8063c74b54a9d5e71/66c8474792de2ddec7dcd33d_6492e966520c86e965a14740_blog-kuechenheld-kueche-mit-dachschraege-06.webp
kueche-mit-dachschraege	https://cdn.prod.website-files.com/6391b8b8063c74b54a9d5e71/66c8474792de2ddec7dcd33a_6492e973b76626534a0ca4b9_blog-kuechenheld-kueche-mit-dachschraege-03.webp
kueche-mit-holz	https://cdn.prod.website-files.com/6391b8b8063c74b54a9d5e71/6791094497a36ffe79bca764_6790f096a19b025e94dcc1ef_AV_%25206082GL_Nussbaum-elegant_AV_%25202135GL_Schwarz_M1_Frontal.webp
kueche-mit-holz	https://cdn.prod.website-files.com/6391b8b8063c74b54a9d5e71/6790f0cfd4d1fe3b379e0fa6_6790f014ceef388b8a2fa5cb_2622_Perfect_Soft_kristallweiss_Bali_Sommereiche_hell_V1.jpeg
kueche-mit-holz	https://cdn.prod.website-files.com/6391b8b8063c74b54a9d5e71/6790f0cfd4d1fe3b379e0fd8_6790f02ba19b025e94dc4d56_AdobeStock_1155087433.jpeg
kueche-mit-holz	https://cdn.prod.website-files.com/6391b8b8063c74b54a9d5e71/6790f0cfd4d1fe3b379e0fbb_6790f06e1dca1579c4e3a4ef_av1095-sommereiche-05.jpeg
kueche-mit-holz	https://cdn.prod.website-files.com/6391b8b8063c74b54a9d5e71/6790f0cfd4d1fe3b379e0fb7_6391b8b8063c741a9f9d7434_kueche_planen_haecker_nussbaum.jpeg
kueche-ohne-haengeschraenke	https://cdn.prod.website-files.com/6391b8b8063c74b54a9d5e71/64a5671b1e329578efd7c7cb_blog-kueche-ohne-haengeschraenke-03.webp
kueche-ohne-haengeschraenke	https://cdn.prod.website-files.com/6391b8b8063c74b54a9d5e71/64a56725d29f4412c5d09c83_blog-kueche-ohne-haengeschraenke-06.webp
kueche-ohne-haengeschraenke	https://cdn.prod.website-files.com/6391b8b8063c74b54a9d5e71/64a567461e329578efd7e189_blog-kueche-ohne-haengeschraenke-01.webp
kueche-ohne-haengeschraenke	https://cdn.prod.website-files.com/6391b8b8063c74b54a9d5e71/64a5673dd5259b2572a722ad_blog-kueche-ohne-haengeschraenke-02.webp
kueche-ohne-haengeschraenke	https://cdn.prod.website-files.com/6391b8b8063c74b54a9d5e71/64a5672e0c7f52e3dc598cb7_blog-kueche-ohne-haengeschraenke-05.webp
kuechen-aus-beton	https://cdn.prod.website-files.com/6391b8b8063c74b54a9d5e71/675c1476c52a9788de8a2f03_646dc7befb1ed52bdf14b158_kuechen-aus-beton-neue-kuechentrend-kuechenheld-blog-03.webp
kuechen-aus-beton	https://cdn.prod.website-files.com/6391b8b8063c74b54a9d5e71/675c1476c52a9788de8a2f0c_646dc7ca416df4c044977af9_kuechen-aus-beton-neue-kuechentrend-kuechenheld-blog-02.webp
kuechen-aus-beton	https://cdn.prod.website-files.com/6391b8b8063c74b54a9d5e71/675c1476c52a9788de8a2f06_646dc7d3f57fc668435f67ae_kuechen-aus-beton-neue-kuechentrend-kuechenheld-blog-01.webp
kuechen-aus-beton	https://cdn.prod.website-files.com/6391b8b8063c74b54a9d5e71/675c1476c52a9788de8a2f09_646dc7dd02b9c9bc36670ff3_kuechen-aus-beton-neue-kuechentrend-kuechenheld-blog-04.webp
kuechen-aus-beton	https://cdn.prod.website-files.com/6391b8b8063c74b54a9d5e71/675c1476c52a9788de8a2f13_646dc7ecf791c14cdf28aa55_kuechen-aus-beton-neue-kuechentrend-kuechenheld-blog-05.webp
kuechenpaneele-dekorative-ordnungswaende	https://cdn.prod.website-files.com/6391b8b8063c74b54a9d5e71/6391b8b8063c74ee2d9d6d4e_n8g7ioXbcDmofG5m1Xc5NnHOpqEFkzS3hzRVnGb8rAifyYL-3SIIX7mrF18I1E9JN5RJOqoj_g9cwQvuJpWbVcspvPzIJ_Ro17w1EcEjYZvIStSUgmQ-kay5BghkEpr-eanMmdnC%3Ds0.jpeg
kuechenpaneele-dekorative-ordnungswaende	https://cdn.prod.website-files.com/6391b8b8063c74b54a9d5e71/6391b8b8063c741e319d6d91__L6aTOfXsQRBKmbNEMP8SRe9QX8fPWHR9R28YKiMqH9dNoc6_UELXxPv71nyi-bmFiQSxAahvg6z4LdugbWF75RGLIJ37Es6RvNEU76fXFvgVJPr1tmDNZdTyIt2RguvKz2gAC5A%3Ds0.jpeg
kuechenpaneele-dekorative-ordnungswaende	https://cdn.prod.website-files.com/6391b8b8063c74b54a9d5e71/6391b8b8063c747fe19d6d5d_1jiJXX2uzP2C2I36T5pIR2bfELa48x69ee1sRd1Eg1ih2nifXKL6lHnUobzwJSO5fHzRzGfFI-hmRtBG3yfFrxLHUqgM85d3EKNIvj65APbZfQN8IU96P0snRpZeiSyi02NkaBqh%3Ds0.jpeg
kuechenpaneele-dekorative-ordnungswaende	https://cdn.prod.website-files.com/6391b8b8063c74b54a9d5e71/67e4063cf43b9bff1471c183_6391b8b8063c7483679d6d5b_211007_Paneelwaende.jpeg
kuechenpaneele-dekorative-ordnungswaende	https://cdn.prod.website-files.com/6391b8b8063c74b54a9d5e71/67e4063cf43b9bff1471c1ad_6391b8b8063c74b7e59d75bd_K%25C3%25BCchenpaneele%252006.webp
kuechenpaneele-dekorative-ordnungswaende	https://cdn.prod.website-files.com/6391b8b8063c74b54a9d5e71/67e4063cf43b9bff1471c1b0_6391b8b8063c745fdd9d75be_K%25C3%25BCchenpaneel%252007.webp
kuechenpaneele-dekorative-ordnungswaende	https://cdn.prod.website-files.com/6391b8b8063c74b54a9d5e71/6391b8b8063c7460dd9d6d67_dzo4gLBV1xxYDoAxvI2IcfDVVHTmd4WtRDiepvGh3RlhDj1a2_XWpEZrcuZgTuJ2FdP_-LdRTgZvBHPPEgipp-NcHFgkNileFVwUM0-jwX-QoFfM1DxBsAgIc9ZDPoCLRcywztzH%3Ds0.jpeg
kuechentrends-2024	https://cdn.prod.website-files.com/6391b8b8063c74b54a9d5e71/675b044c0f34a6d3e9c52f77_66cdc5ff47d5156666571fdb_64ca2ccbcf08036ca8f1aa85_blog-kuechentrends-2024-01.webp
kuechentrends-2024	https://cdn.prod.website-files.com/6391b8b8063c74b54a9d5e71/675b044c0f34a6d3e9c52f7d_66cdc5ff47d5156666571fd8_64ca2cd3191fd0422690b26d_blog-kuechentrends-2024-02.webp
kuechentrends-2024	https://cdn.prod.website-files.com/6391b8b8063c74b54a9d5e71/675b044c0f34a6d3e9c52f74_66cdc5ff47d5156666571fdf_64ca2cdb191fd0422690bf5e_blog-kuechentrends-2024-03.webp
kuechentrends-2024	https://cdn.prod.website-files.com/6391b8b8063c74b54a9d5e71/675b044c0f34a6d3e9c52f80_66cdc5ff47d5156666571fe2_64ca2ce6f93fde45b49a4519_blog-kuechentrends-2024-04.webp
kuechentrends-2025	https://cdn.prod.website-files.com/6391b8b8063c74b54a9d5e71/6735f5a658a43d3b5ac8dedc_6735f5984dceef72de03a69f_6735f55c0a547f003fef2ec5_MOE-K066_SGM-A127_Insel_Frontverlaengerung_2025.avif
kuechentrends-2025	https://cdn.prod.website-files.com/6391b8b8063c74b54a9d5e71/67361f7a8be54dd8f2bba913_67361f47172975fc8ad473be_673603edef738ef855ed24e5_MAT-L097T_HA_2025.avif
kuechentrends-2025	https://cdn.prod.website-files.com/6391b8b8063c74b54a9d5e71/67361f7a8be54dd8f2bba90b_67361f2bf40dfc438be1e225_673603ec4e65d2246ed97a5d_Vegas_Gru%25CC%2588n-metallic_Linea_Walnuss-natur_online_M1.avif
kuechentrends-2025	https://cdn.prod.website-files.com/6391b8b8063c74b54a9d5e71/6756d9b2e79f523dac294442_6756d91d812ddb7493a9a44a_LIO-K779_BIE-L350_OS-Rondo-2_2025%2520(2).jpeg
kuechentrends-2025	https://cdn.prod.website-files.com/6391b8b8063c74b54a9d5e71/6756da209d150ff24e28cd32_673c8c0a70122043f88720cf_strasser_alpinova_hotspots-1536x1237%2520(1).jpeg
kuechentrends-2026	https://cdn.prod.website-files.com/6391b8b8063c74b54a9d5e71/6756d9b2e79f523dac294442_6756d91d812ddb7493a9a44a_LIO-K779_BIE-L350_OS-Rondo-2_2025%2520(2).jpeg
kuechentrends-2026	https://cdn.prod.website-files.com/6391b8b8063c74b54a9d5e71/6960dc3342ec4bfa728d9397_2835%20SCALA%20GL%20Amarant%20%20CALGARY%20GL%20Samteiche-schwarz%20M05-min.jpg
kuechentrends-2026	https://cdn.prod.website-files.com/6391b8b8063c74b54a9d5e71/6960db7673e8eb004142dbc4_2927%20SCALA%20GL%20Balticblau%20LINEA-GL%20Eiche-natur%20D01.webp
kuechentrends-2026	https://cdn.prod.website-files.com/6391b8b8063c74b54a9d5e71/6960dc534191c5a425c65cd4_AP-K063.webp
kuehlschrank-richtig-organisieren	https://cdn.prod.website-files.com/6391b8b8063c74b54a9d5e71/670fc35711cd3a772b39a488_670fc303a62bb7e8a4408b23_670fc21bd5af54a18d0bf98e.avif
l-form-kueche	https://cdn.prod.website-files.com/6391b8b8063c74b54a9d5e71/63d3fa7d8cf3695d3a4b0f04_kueche_planen_kuechenheld_l-Kueche_blog04.webp
l-form-kueche	https://cdn.prod.website-files.com/6391b8b8063c74b54a9d5e71/63d3fa8d0915996098439dd2_kueche_planen_kuechenheld_l-Kueche_blog03.webp
l-form-kueche	https://cdn.prod.website-files.com/6391b8b8063c74b54a9d5e71/63d3faa881343599f0c7a02d_kueche_planen_kuechenheld_l-Kueche_blog01.webp
marmor-kuechen	https://cdn.prod.website-files.com/6391b8b8063c74b54a9d5e71/67d434af95ae9623cc313ea1_AdobeStock_236902910-min.jpeg
marmor-kuechen	https://cdn.prod.website-files.com/6391b8b8063c74b54a9d5e71/67d4359095ae9623cc324da5_AdobeStock_540399305-min.jpeg
marmor-kuechen	https://cdn.prod.website-files.com/6391b8b8063c74b54a9d5e71/67d435ba90ed627cb72d5abf_AdobeStock_123930506-min.jpeg
marmor-kuechen	https://cdn.prod.website-files.com/6391b8b8063c74b54a9d5e71/67d43621445bce60965e6463_dekton-marmoroptik-maserung-wiebe-naturstein-keramik-kuechenmodernisierung.webp
materialpflege-kuechen-richtig-pflegen	https://cdn.prod.website-files.com/6391b8b8063c74b54a9d5e71/679cddc0884640a86e26d377_6391b8b8063c745fca9d7485_next125_NX902-G572_NX620-F741_GS.jpeg
materialpflege-kuechen-richtig-pflegen	https://cdn.prod.website-files.com/6391b8b8063c74b54a9d5e71/679cddc0884640a86e26d37f_6391b8b8063c74484c9d745e_623b6c45376c4b705bc4f08f_csm_av_6080_gl_nussbaum_av_6000_ral_m_quer_7631800403.jpeg
materialpflege-kuechen-richtig-pflegen	https://cdn.prod.website-files.com/6391b8b8063c74b54a9d5e71/679cddc0884640a86e26d37b_6391b8b8063c746f339d7482_av7030_silver_star_01.jpeg
meine-neue-traumkuche-jenny-d-jennys-lovelyhome-und-ihr-planungsprozess-bei-kuchenheld	https://cdn.prod.website-files.com/6391b8b8063c74b54a9d5e71/6391b8b8063c7409259d75b1_Jennys%20Traumk%C3%BCche%2001.webp
meine-neue-traumkuche-jenny-d-jennys-lovelyhome-und-ihr-planungsprozess-bei-kuchenheld	https://cdn.prod.website-files.com/6391b8b8063c74b54a9d5e71/6391b8b8063c7431e49d75b6_Jennys%20Traumk%C3%BCche%2008.webp
meine-neue-traumkuche-jenny-d-jennys-lovelyhome-und-ihr-planungsprozess-bei-kuchenheld	https://cdn.prod.website-files.com/6391b8b8063c74b54a9d5e71/6391b8b8063c74441c9d75b5_Jennys%20Traumk%C3%BCche%2009.webp
meine-neue-traumkuche-jenny-d-jennys-lovelyhome-und-ihr-planungsprozess-bei-kuchenheld	https://cdn.prod.website-files.com/6391b8b8063c74b54a9d5e71/6391b8b8063c7448349d75b4_Jennys%20Traumk%C3%BCche%2010.webp
meine-neue-traumkuche-jenny-d-jennys-lovelyhome-und-ihr-planungsprozess-bei-kuchenheld	https://cdn.prod.website-files.com/6391b8b8063c74b54a9d5e71/6391b8b8063c74154d9d75b3_Jennys%20Traumk%C3%BCche%2011.webp
miele-backofen-airfry-funktion	https://cdn.prod.website-files.com/6391b8b8063c74b54a9d5e71/673cbbed931c9de34181f7e4_660c08d4e935745c0d013da5_20000205241.lowres.webp
miele-backofen-airfry-funktion	https://cdn.prod.website-files.com/6391b8b8063c74b54a9d5e71/673cbbed931c9de34181f7e0_660c0af65107f7bf36053ed1_20000205226.lowres.webp
miele-induktionskochfeld-blackperfection	https://cdn.prod.website-files.com/6391b8b8063c74b54a9d5e71/673cbc2b6d7aa7288ce37fa9_6602dfd9d3ba0648ec50b22d_20000198060.lowres.webp
miele-induktionskochfeld-blackperfection	https://cdn.prod.website-files.com/6391b8b8063c74b54a9d5e71/673cbc2b6d7aa7288ce37fa5_6602cc1d2527dd3d94a4fc62_20000197568.lowres.jpeg
minimalistisch-zeitlos-innovativ-next125-macht-es-moglich	https://cdn.prod.website-files.com/6391b8b8063c74b54a9d5e71/6391b8b8063c74345d9d75fa_Next%20125%203.webp
moderne-wohnkuechen-mit-integrierter-theke-oder-tisch	https://cdn.prod.website-files.com/6391b8b8063c74b54a9d5e71/66b11a6fdc192037521fe3cd_6448ec663336f61f93348bbb_kuechentheke-wohnen-mit-stil-blog-bild02.webp
moderne-wohnkuechen-mit-integrierter-theke-oder-tisch	https://cdn.prod.website-files.com/6391b8b8063c74b54a9d5e71/66b11a6fdc192037521fe3d4_6448ec7f3dc48824d3929d9b_kuechentheke-wohnen-mit-stil-blog-bild04.webp
moderne-wohnkuechen-mit-integrierter-theke-oder-tisch	https://cdn.prod.website-files.com/6391b8b8063c74b54a9d5e71/66b11a6fdc192037521fe3d0_6448ec8ada046bb4579889e4_kuechentheke-wohnen-mit-stil-blog-bild05.webp
moderne-wohnkuechen-mit-integrierter-theke-oder-tisch	https://cdn.prod.website-files.com/6391b8b8063c74b54a9d5e71/66b11a6fdc192037521fe3d8_6448ec9688cdaa5df332cd59_kuechentheke-wohnen-mit-stil-blog-bild06.webp
moderne-wohnkuechen-mit-integrierter-theke-oder-tisch	https://cdn.prod.website-files.com/6391b8b8063c74b54a9d5e71/66b11a6fdc192037521fe3dc_6448ec70da046b6b5a9889db_kuechentheke-wohnen-mit-stil-blog-bild03.webp
nachhaltige-kuchen-tipps-fuer-umweltfreundliche-entscheidungen	https://cdn.prod.website-files.com/6391b8b8063c74b54a9d5e71/65671c0e581a6421549d36b3_2020_bora_professional_pkas-pkt-pkfi_marmorblock_rgb.webp
nachhaltige-kuchen-tipps-fuer-umweltfreundliche-entscheidungen	https://cdn.prod.website-files.com/6391b8b8063c74b54a9d5e71/65671765a8aca121a06ea88f_Backen_Bild01.webp
nachhaltige-kuchen-tipps-fuer-umweltfreundliche-entscheidungen	https://cdn.prod.website-files.com/6391b8b8063c74b54a9d5e71/655f2649bd224be931abe1d6_Sch_ller-ROC-Beleuchtung.png.webp
nachhaltige-kuchen-tipps-fuer-umweltfreundliche-entscheidungen	https://cdn.prod.website-files.com/6391b8b8063c74b54a9d5e71/655f26691f392896e78dc6fb_4.7_Flex_RVS_greenhouse.jpg.webp
nachhaltige-kuechen	https://cdn.prod.website-files.com/6391b8b8063c74b54a9d5e71/6391b8b8063c7467b59d75dd_planen_mit_kuechenheld01.webp
nachhaltige-kuechen	https://cdn.prod.website-files.com/6391b8b8063c74b54a9d5e71/6391b8b8063c742a469d75de_nachhaltige_kueche_planen_mit_kuechenheld00.webp
nachhaltige-kuechen	https://cdn.prod.website-files.com/6391b8b8063c74b54a9d5e71/6391b8b8063c74636f9d75df_nachhaltige_kueche_planen_mit_kuechenheld03.webp
nachhaltige-kuechen	https://cdn.prod.website-files.com/6391b8b8063c74b54a9d5e71/6391b8b8063c7415d39d75e0_nachhaltige_kueche_planen_mit_kuechenheld04.webp
nachhaltiger-kuechenkauf-klimaneutrale-kuechen-von-haecker	https://cdn.prod.website-files.com/6391b8b8063c74b54a9d5e71/6391b8b8063c7459269d7635_kuechenheld_ratgeber_nachhaltiger%20Ku%CC%88chenkauf%20klimaneutrale%20Ku%CC%88che%20planen02.webp
nachhaltiger-kuechenkauf-klimaneutrale-kuechen-von-haecker	https://cdn.prod.website-files.com/6391b8b8063c74b54a9d5e71/6391b8b8063c743d009d7636_kuechenheld_ratgeber_nachhaltiger%20Ku%CC%88chenkauf%20klimaneutrale%20Ku%CC%88che%20planen.webp
nachhaltiger-kuechenkauf-klimaneutrale-kuechen-von-haecker	https://cdn.prod.website-files.com/6391b8b8063c74b54a9d5e71/6391b8b8063c745da49d7637_kuechenheld_ratgeber_nachhaltiger%20Ku%CC%88chenkauf%20klimaneutrale%20Ku%CC%88che%20planen05.webp
neolith-in-der-kueche-trends-und-eigenschaften	https://cdn.prod.website-files.com/6391b8b8063c74b54a9d5e71/675c1e971e17fd9690dc0738_6391b8b8063c74867e9d76f6_kuechenheld_ratgeber_neolith03.webp
neolith-in-der-kueche-trends-und-eigenschaften	https://cdn.prod.website-files.com/6391b8b8063c74b54a9d5e71/675c1e981e17fd9690dc073f_6391b8b8063c74de8f9d76f7_kuechenheld_ratgeber_neolith02.webp
neolith-in-der-kueche-trends-und-eigenschaften	https://cdn.prod.website-files.com/6391b8b8063c74b54a9d5e71/675c1e981e17fd9690dc0894_658354135ca22abdac64cbc4_Neolith_K%25C3%25BCchenheld.webp
neolith-in-der-kueche-trends-und-eigenschaften	https://cdn.prod.website-files.com/6391b8b8063c74b54a9d5e71/675c1e971e17fd9690dc073b_6391b8b8063c74bbe49d76f8_kuechenheld_ratgeber_neolith00.webp
offene-kueche-inspiration	https://cdn.prod.website-files.com/6391b8b8063c74b54a9d5e71/66c846432f76e1c8e6785be1_66c84635b8eb2edb8b627a03_2023_03_27_COS_Silestone%252023%2520Ambiente%2520Concrete%2520Pulse.jpeg
pyrolyse-moderne-backofen-reinigen-sich-selbst	https://cdn.prod.website-files.com/6391b8b8063c74b54a9d5e71/65b7b331799bccd7acc03a27_pyrolyse_siemens_kuechenheld.webp
pyrolyse-moderne-backofen-reinigen-sich-selbst	https://cdn.prod.website-files.com/6391b8b8063c74b54a9d5e71/65b7b56533578277bfd97091_pyrolyse_k%C3%BCchenheld_siemens.webp
rote-kuechen	https://cdn.prod.website-files.com/6391b8b8063c74b54a9d5e71/64c91493a54cf639346cad2d_blog-kuechenheld-rote-kueche-07.webp
rote-kuechen	https://cdn.prod.website-files.com/6391b8b8063c74b54a9d5e71/64c9149f7832d3bdd3164393_blog-kuechenheld-rote-kueche-01.webp
rote-kuechen	https://cdn.prod.website-files.com/6391b8b8063c74b54a9d5e71/64c914aa613aaeefd1a08ef6_blog-kuechenheld-rote-kueche-03.webp
rote-kuechen	https://cdn.prod.website-files.com/6391b8b8063c74b54a9d5e71/64c914b8613aaeefd1a09029_blog-kuechenheld-rote-kueche-04.webp
rote-kuechen	https://cdn.prod.website-files.com/6391b8b8063c74b54a9d5e71/64c914c39a4b74e9852d2098_blog-kuechenheld-rote-kueche-02.webp
skandinavische-kueche	https://cdn.prod.website-files.com/6391b8b8063c74b54a9d5e71/66c847bb4421d3a4e5f5dc96_6481a701dc76785f61c11bac_blogartikel-skandinavische-kuechen-03.webp
skandinavische-kueche	https://cdn.prod.website-files.com/6391b8b8063c74b54a9d5e71/66c847bb4421d3a4e5f5dca6_6481a748bf80033b8443771b_blogartikel-skandinavische-kuechen-06.webp
speisekammer-planen	https://cdn.prod.website-files.com/6391b8b8063c74b54a9d5e71/64c27db4ab8b83577b793b3e_blog-hauswirtschaftstraum-planen-06.webp
speisekammer-planen	https://cdn.prod.website-files.com/6391b8b8063c74b54a9d5e71/64c27da5256b46635cbaabb8_blog-hauswirtschaftstraum-planen-02.webp
speisekammer-planen	https://cdn.prod.website-files.com/6391b8b8063c74b54a9d5e71/64c27d81ab8b83577b78f1bf_blog-hauswirtschaftstraum-planen-01.webp
stauraumwunder-kueche-in-u-form	https://cdn.prod.website-files.com/6391b8b8063c74b54a9d5e71/66b11a899931a4c05f0b3cfe_63c00a0fee75d3a35e977fa8_kuechenheld_ukueche_kueche_palen.webp
stauraumwunder-kueche-in-u-form	https://cdn.prod.website-files.com/6391b8b8063c74b54a9d5e71/66b11a899931a4c05f0b3cf6_6391b8b8063c7435b09d75d9_BIE-L310_HA_2021.webp
stauraumwunder-kueche-in-u-form	https://cdn.prod.website-files.com/6391b8b8063c74b54a9d5e71/66b11a899931a4c05f0b3cf9_6391b8b8063c740dab9d75da_mlp239_107.webp
stauraumwunder-kueche-in-u-form	https://cdn.prod.website-files.com/6391b8b8063c74b54a9d5e71/66b11a899931a4c05f0b3d01_6391b8b8063c7439749d75dc_mbrg198_01.webp
trendfarbe-gruen	https://cdn.prod.website-files.com/6391b8b8063c74b54a9d5e71/675c1b093d9b2a598faa1e23_648089fb3f4528f66519b8f5_blog-trendfarbe-gruen-gestaltung-der-kueche-03.webp
trendfarbe-gruen	https://cdn.prod.website-files.com/6391b8b8063c74b54a9d5e71/66cca465f8100bd79e8f86dc_64808a23df9361ec652c15ed_blog-trendfarbe-gruen-gestaltung-der-kueche-05.webp
trendfarbe-gruen	https://cdn.prod.website-files.com/6391b8b8063c74b54a9d5e71/675c1b093d9b2a598faa1e26_64808a17a6f7c608d7ed7db9_blog-trendfarbe-gruen-gestaltung-der-kueche-04.webp
trendfarbe-gruen	https://cdn.prod.website-files.com/6391b8b8063c74b54a9d5e71/675c1b093d9b2a598faa1e20_64808a2dc0f87843255cf9aa_blog-trendfarbe-gruen-gestaltung-der-kueche-06.webp
trendfarbe-gruen	https://cdn.prod.website-files.com/6391b8b8063c74b54a9d5e71/675c1b093d9b2a598faa1e2c_64808a386d1d70eac6cd07c1_blog-trendfarbe-gruen-gestaltung-der-kueche-08.webp
trendfarbe-gruen	https://cdn.prod.website-files.com/6391b8b8063c74b54a9d5e71/675c1b093d9b2a598faa1e29_64808a640d246d0fd7ef3675_blog-trendfarbe-gruen-gestaltung-der-kueche-09.webp
trendige-landhauskuechen-moderne-kuechen-im-country-style	https://cdn.prod.website-files.com/6391b8b8063c74b54a9d5e71/675c19f474c109f00835e862_6401c2e40834b2ddfeb02256_moderne-landhauskuechen-kuechen-im-country-style-blog-05.webp
trendige-landhauskuechen-moderne-kuechen-im-country-style	https://cdn.prod.website-files.com/6391b8b8063c74b54a9d5e71/675c19f474c109f00835e85f_6401c2fda303a380ee021e38_moderne-landhauskuechen-kuechen-im-country-style-blog-03.webp
trendige-landhauskuechen-moderne-kuechen-im-country-style	https://cdn.prod.website-files.com/6391b8b8063c74b54a9d5e71/675c19f474c109f00835e865_6401ce1ee508112e2916b876_moderne-landhauskuechen-kuechen-im-country-style-blog-06.webp
trendige-landhauskuechen-moderne-kuechen-im-country-style	https://cdn.prod.website-files.com/6391b8b8063c74b54a9d5e71/675c19f474c109f00835e86b_6401c311a303a335c60237e0_moderne-landhauskuechen-kuechen-im-country-style-blog-04.webp
trendige-landhauskuechen-moderne-kuechen-im-country-style	https://cdn.prod.website-files.com/6391b8b8063c74b54a9d5e71/675c19f474c109f00835e868_6401c31923060c0faeb67103_moderne-landhauskuechen-kuechen-im-country-style-blog-02.webp
unfallgefahren-in-der-kueche	https://cdn.prod.website-files.com/6391b8b8063c74b54a9d5e71/6735f549ffdc10bc437ed288_6735f4c047b1cbf5e54b8e82_6735db6ff594a68b27824793_AdobeStock_124216039.avif
unfallgefahren-in-der-kueche	https://cdn.prod.website-files.com/6391b8b8063c74b54a9d5e71/6735f549ffdc10bc437ed284_6735f513d4a7d7ee171c5408_6735db701b32e53cf36d2484_AdobeStock_293298127.avif
unfallgefahren-in-der-kueche	https://cdn.prod.website-files.com/6391b8b8063c74b54a9d5e71/6735f549ffdc10bc437ed281_6735f4d4003ff637759cc8e6_6735db6fcda61710a8e25cd0_AdobeStock_984307442.avif
vollintegrierter-miele-geschirrspueler	https://cdn.prod.website-files.com/6391b8b8063c74b54a9d5e71/660d2effbc8a491c6e194ceb_20000202812.lowres.webp
vollintegrierter-miele-geschirrspueler	https://cdn.prod.website-files.com/6391b8b8063c74b54a9d5e71/660d2ec72fc16da3526cb81f_20000205539.lowres.webp
waermeschublade	https://cdn.prod.website-files.com/6391b8b8063c74b54a9d5e71/67c6de15ee83de2437a1948e_2021_bora_multischublade_ms140_beeren_auftauen_01.avif
waermeschublade	https://cdn.prod.website-files.com/6391b8b8063c74b54a9d5e71/67c6dfffa89cc4729fc9d27c_2021_bora_multischublade_ms290_geschirr_vorwaermen_01.avif
was-macht-eigentlich-kuechenheld-und-woher-kommt-der-hype	https://cdn.prod.website-files.com/6391b8b8063c74b54a9d5e71/673cbc061e91be63e74aec05_6391b8b8063c741c829d7768_K%25C3%25BCchenheld-K%25C3%25BCche-planen-Erfahrung.webp
was-macht-eigentlich-kuechenheld-und-woher-kommt-der-hype	https://cdn.prod.website-files.com/6391b8b8063c74b54a9d5e71/673cbc061e91be63e74aebff_63ef94dbe5eceb2dc1cc3963_02_kuechenmuster_kuechenheld_preisindikation.webp
was-macht-eigentlich-kuechenheld-und-woher-kommt-der-hype	https://cdn.prod.website-files.com/6391b8b8063c74b54a9d5e71/673cbc061e91be63e74aec02_6391b8b8063c7440a69d75b0_kuechenheld%2520erfahrungsbericht%252002.webp
welches-spuelbecken-material-ist-am-besten	https://cdn.prod.website-files.com/6391b8b8063c74b54a9d5e71/67c6d5a81cc0932933a0ce13_67c6d52b8425c707d8c53594_AdobeStock_888249609.avif
whatsapp-in-der-kuechenberatung	https://cdn.prod.website-files.com/6391b8b8063c74b54a9d5e71/68cac341041aa745afd2ccd0_AdobeStock_1494988683.jpeg